handle,org,tier,status,last_post_seen,last_checked,why
_forevertexas,Forever Texas,Tier 2,active,2026-09-28,2026-09-29,Posted in the last 21 days. Checked every scheduled run.
aade.utex,American Association of Drilling Engineers,Tier 1,active,2026-10-01,2026-10-05,Posted in the last 21 days. Checked every scheduled run.
aaja_ut,Asian American Journalists Association at UT,Tier 2,unknown,,2026-09-29,Not enough history yet. Checked every scheduled run until we know more.
aapp.atx,"American Association of Psychiatric Pharmacists, Austin Texas Collegiate Chapter",Tier 1,active,2026-10-01,2026-10-05,Posted in the last 21 days. Checked every scheduled run.
absolutepitch_acappella,Absolute Pitch,Tier 2,unknown,,2026-09-29,Not enough history yet. Checked every scheduled run until we know more.
absolutetexxas,Absolute Texxas,Tier 2,active,2026-09-28,2026-09-29,Posted in the last 21 days. Checked every scheduled run.
acacia_texas,Acacia Fraternity at the University of Texas at Austin,Tier 2,active,2026-09-28,2026-09-29,Posted in the last 21 days. Checked every scheduled run.
access_ut,Disability and Access,Tier 1,unknown,,2026-10-01,Not enough history yet. Checked every scheduled run until we know more.
acf.atx,Adventist Christian Fellowship at UT Austin,Tier 1,unknown,,2026-10-05,Not enough history yet. Checked every scheduled run until we know more.
aci_utaustin,American Concrete Institute,Tier 1,active,2026-10-02,2026-10-05,Posted in the last 21 days. Checked every scheduled run.
activeminds.ut,Active Minds at The University of Texas at Austin,Tier 1,unknown,,2026-10-05,Not enough history yet. Checked every scheduled run until we know more.
actscollegefellowship,Acts College Fellowship,Tier 1,active,2026-09-29,2026-10-05,Posted in the last 21 days. Checked every scheduled run.
adapttexas,ADAPT Texas,Tier 1,active,2026-10-03,2026-10-05,Posted in the last 21 days. Checked every scheduled run.
adavu_club,Adavu Club,Tier 2,unknown,,2026-09-29,Not enough history yet. Checked every scheduled run until we know more.
adgradcouncil,Advertising Graduate Council,Tier 2,unknown,,2026-09-29,Not enough history yet. Checked every scheduled run until we know more.
aeitexas,Architectural Engineering Institute,Tier 1,active,2026-09-28,2026-10-05,Posted in the last 21 days. Checked every scheduled run.
afterglowatx,Afterglow ATX,Tier 2,active,2026-09-28,2026-09-29,Posted in the last 21 days. Checked every scheduled run.
ahs_utaustin,The Alexander Hamilton Society at UT Austin,Tier 1,unknown,,2026-10-05,Not enough history yet. Checked every scheduled run until we know more.
aiaa_ut,American Institute of Aeronautics and Astronautics,Tier 1,active,2026-09-28,2026-10-05,Posted in the last 21 days. Checked every scheduled run.
ala_saa_ut,American Library Association & Society of American Archivists UT Student Chapter,Tier 2,unknown,,2026-09-29,Not enough history yet. Checked every scheduled run until we know more.
almaoncampusatx,Alliance on Latinx Mental-Health Awareness,Tier 1,active,2026-09-28,2026-10-05,Posted in the last 21 days. Checked every scheduled run.
almutexas,Alpha Lambda Mu at UT Austin,Tier 1,unknown,,2026-10-05,Not enough history yet. Checked every scheduled run until we know more.
always.texas,Always Texas,Tier 2,unknown,,2026-09-29,Not enough history yet. Checked every scheduled run until we know more.
americanadagessociety,American Adages Society,Tier 2,unknown,,2026-09-29,Not enough history yet. Checked every scheduled run until we know more.
amsaut,American Medical Student Association - Pre-med,Tier 1,unknown,,2026-10-05,Not enough history yet. Checked every scheduled run until we know more.
animatorsclubtx,Animators Club,Tier 2,unknown,,2026-09-29,Not enough history yet. Checked every scheduled run until we know more.
ans.texas,American Nuclear Society,Tier 1,unknown,,2026-10-05,Not enough history yet. Checked every scheduled run until we know more.
apsaaustin,Asian Pharmacy Students Association,Tier 2,unknown,,2026-09-29,Not enough history yet. Checked every scheduled run until we know more.
armenianstudents_ut,Armenian Students Association,Tier 1,active,2026-09-28,2026-10-05,Posted in the last 21 days. Checked every scheduled run.
asa_utaustin,Arab Students Association,Tier 1,active,2026-10-04,2026-10-05,Posted in the last 21 days. Checked every scheduled run.
asap_utaustin,Allied Scholars for Animal Protection at The University of Texas at Austin,Tier 1,active,2026-09-30,2026-10-05,Posted in the last 21 days. Checked every scheduled run.
asbmb_ut_austin,American Society for Biochemistry and Molecular Biology Student Chapter at the University of Texas at Austin,Tier 2,active,2026-09-27,2026-09-29,Posted in the last 21 days. Checked every scheduled run.
asc_ut,Austin Sunshine Camps at The University of Texas at Austin,Tier 1,unknown,,2026-10-05,Not enough history yet. Checked every scheduled run until we know more.
asce_ut,American Society of Civil Engineers,Tier 1,unknown,,2026-10-05,Not enough history yet. Checked every scheduled run until we know more.
ascend_texas,Aerial Solutions for Combatting Emergencies and Natural Disasters,Tier 1,unknown,,2026-10-05,Not enough history yet. Checked every scheduled run until we know more.
atidna.utexas,Atidna at the University of Texas,Tier 1,unknown,,2026-10-05,Not enough history yet. Checked every scheduled run until we know more.
atx.aphaasp,American Pharmacists Association - Academy of Student Pharmacists Austin Chapter,Tier 2,active,2026-09-27,2026-09-29,Posted in the last 21 days. Checked every scheduled run.
atx.scioly,ATX Science Olympiad,Tier 1,unknown,,2026-10-05,Not enough history yet. Checked every scheduled run until we know more.
atx_nsa,Austin Texas Nursing Students' Association,Tier 1,active,2026-09-30,2026-10-05,Posted in the last 21 days. Checked every scheduled run.
atxalphaomega,Alpha Omega,Tier 1,active,2026-10-03,2026-10-05,Posted in the last 21 days. Checked every scheduled run.
atxbridgesinternational,Bridges International - Texas Chapter,Tier 1,active,2026-09-30,2026-10-05,Posted in the last 21 days. Checked every scheduled run.
atxcampuslions,Lions Club at the University of Texas at Austin,Tier 1,active,2026-09-29,2026-10-05,Posted in the last 21 days. Checked every scheduled run.
atxkdc,ATX KDC,Tier 2,active,2026-09-27,2026-09-29,Posted in the last 21 days. Checked every scheduled run.
atxthespace,The Space - ATX,Tier 2,active,2026-09-28,2026-09-29,Posted in the last 21 days. Checked every scheduled run.
austin.bodybuilding,Austin Bodybuilding,Tier 2,active,2026-09-28,2026-09-29,Posted in the last 21 days. Checked every scheduled run.
austin.sds,Austin Students for a Democratic Society,Tier 1,active,2026-10-01,2026-10-05,Posted in the last 21 days. Checked every scheduled run.
austinlifecollege,Austin Life Church Students Chapter,Tier 1,unknown,,2026-10-05,Not enough history yet. Checked every scheduled run until we know more.
austinstembuddies,Austin STEM Buddies,Tier 1,active,2026-09-26,2026-10-05,Posted in the last 21 days. Checked every scheduled run.
awake_utaustin,AWAKE (Anointed Worship Awakes Koreans and Everyone),Tier 1,active,2026-10-02,2026-10-05,Posted in the last 21 days. Checked every scheduled run.
beautiesandthebeat,Beauties and the Beat,Tier 2,unknown,,2026-09-29,Not enough history yet. Checked every scheduled run until we know more.
beevobeekeepers,Beekeeping Society,Tier 1,active,2026-10-03,2026-10-05,Posted in the last 21 days. Checked every scheduled run.
betatexas,Beta Theta Pi,Tier 2,unknown,,2026-09-29,Not enough history yet. Checked every scheduled run until we know more.
bfpfilm,Beyond Frames Productions,Tier 2,unknown,,2026-09-29,Not enough history yet. Checked every scheduled run until we know more.
bgsa_utexas,Black Graduate Student Association,Tier 2,unknown,,2026-09-29,Not enough history yet. Checked every scheduled run until we know more.
bipocresearchatx,Because Inquiry Propels Our Curiosity,Tier 2,unknown,,2026-09-29,Not enough history yet. Checked every scheduled run until we know more.
blacklistedbookworms,Blacklisted Bookworms,Tier 1,unknown,,2026-10-05,Not enough history yet. Checked every scheduled run until we know more.
boltutaustin,Biomedical Outreach and Leadership Team,Tier 1,active,2026-09-27,2026-10-05,Posted in the last 21 days. Checked every scheduled run.
bridgetexasut,BridgeTexas,Tier 1,unknown,,2026-10-05,Not enough history yet. Checked every scheduled run until we know more.
brightstarsoftexas,Bright Stars of Texas,Tier 2,unknown,,2026-09-29,Not enough history yet. Checked every scheduled run until we know more.
broccoli_proj,Broccoli Project,Tier 2,unknown,,2026-09-29,Not enough history yet. Checked every scheduled run until we know more.
caduceusutx,Caduceus,Tier 1,active,2026-09-28,2026-10-05,Posted in the last 21 days. Checked every scheduled run.
cas.texas,Central Asian Society,Tier 1,active,2026-09-28,2026-10-05,Posted in the last 21 days. Checked every scheduled run.
catalystcsg,Catalyst Consulting & Strategy Group,Tier 1,unknown,,2026-10-05,Not enough history yet. Checked every scheduled run until we know more.
celebration.cya,Celebration Young Adults at the University of Texas at Austin,Tier 1,active,2026-10-02,2026-10-05,Posted in the last 21 days. Checked every scheduled run.
chemeng_glc,Chemical Engineering Graduate Leadership Council,Tier 2,active,2026-09-28,2026-09-29,Posted in the last 21 days. Checked every scheduled run.
chikappaphi,Chi Kappa Phi Service Society,Tier 1,unknown,,2026-10-05,Not enough history yet. Checked every scheduled run until we know more.
chiphitexas,Chi Phi Fraternity,Tier 2,unknown,,2026-09-29,Not enough history yet. Checked every scheduled run until we know more.
cleancycleinitiative,Clean Cycle Initiative,Tier 1,active,2026-09-27,2026-10-05,Posted in the last 21 days. Checked every scheduled run.
cls.texaslaw,Christian Legal Society,Tier 2,unknown,,2026-09-29,Not enough history yet. Checked every scheduled run until we know more.
cofafac,Fine Arts Council,Tier 1,unknown,,2026-10-05,Not enough history yet. Checked every scheduled run until we know more.
collabartistsut,Collaborative Artists,Tier 2,unknown,,2026-09-29,Not enough history yet. Checked every scheduled run until we know more.
collective.atx,Collective Studios,Tier 2,unknown,,2026-09-29,Not enough history yet. Checked every scheduled run until we know more.
college_austinstone,College at the Austin Stone,Tier 1,active,2026-09-30,2026-10-05,Posted in the last 21 days. Checked every scheduled run.
colorstackutaustin,ColorStack at UT Austin,Tier 1,active,2026-10-02,2026-10-05,Posted in the last 21 days. Checked every scheduled run.
cookem_horns,Cook 'Em Horns,Tier 1,active,2026-09-30,2026-10-05,Posted in the last 21 days. Checked every scheduled run.
cpfi_utaustin,Christian Pharmacists Fellowship International - Student Chapter,Tier 2,active,2026-09-28,2026-09-29,Posted in the last 21 days. Checked every scheduled run.
crafterscircleclub,Crafter's Circle,Tier 2,unknown,,2026-09-29,Not enough history yet. Checked every scheduled run until we know more.
creativewritersatut,Creative Writers at UT,Tier 2,unknown,,2026-09-29,Not enough history yet. Checked every scheduled run until we know more.
crisis_aidnetwork,Crisis Aid Network,Tier 1,unknown,,2026-10-05,Not enough history yet. Checked every scheduled run until we know more.
crossroads.atx,Crossroads,Tier 1,active,2026-10-04,2026-10-05,Posted in the last 21 days. Checked every scheduled run.
csoc_tx,Christian Students on Campus,Tier 1,active,2026-10-04,2026-10-05,Posted in the last 21 days. Checked every scheduled run.
danceaction.ut,Dance Action,Tier 2,active,2026-09-28,2026-09-29,Posted in the last 21 days. Checked every scheduled run.
daprtx,Diversity in Advertising & PR,Tier 1,active,2026-09-30,2026-10-05,Posted in the last 21 days. Checked every scheduled run.
dascutaustin,Disability Advocacy Student Coalition,Tier 1,active,2026-09-29,2026-10-05,Posted in the last 21 days. Checked every scheduled run.
dcc_ut,Disability Cultural Center,Tier 1,active,2026-10-02,2026-10-05,Posted in the last 21 days. Checked every scheduled run.
deafculturealliance,Deaf Culture Alliance at the University of Texas at Austin,Tier 1,active,2026-09-30,2026-10-05,Posted in the last 21 days. Checked every scheduled run.
deansscholars,Dean's Scholars Student Association,Tier 2,unknown,,2026-09-29,Not enough history yet. Checked every scheduled run until we know more.
dellmedphds,Pre-health & Distinguished Scholars,Tier 1,active,2026-09-26,2026-10-05,Posted in the last 21 days. Checked every scheduled run.
deltathetamuut,Delta Theta Mu,Tier 2,active,2026-09-27,2026-09-29,Posted in the last 21 days. Checked every scheduled run.
designatut,Design at UT,Tier 1,active,2026-09-29,2026-10-05,Posted in the last 21 days. Checked every scheduled run.
disney_ut,Texas Disney Development Team,Tier 1,active,2026-09-30,2026-10-05,Posted in the last 21 days. Checked every scheduled run.
dogswithoutbordersfoundation,Dogs Without Borders Foundation,Tier 1,active,2026-10-01,2026-10-05,Posted in the last 21 days. Checked every scheduled run.
dpo.epsilon,"Delta Phi Omega Sorority, Incorporated",Tier 2,active,2026-09-28,2026-09-29,Posted in the last 21 days. Checked every scheduled run.
dreamcorps_ut,Dream Corps at the University of Texas at Austin,Tier 1,unknown,,2026-10-05,Not enough history yet. Checked every scheduled run until we know more.
driftmagatx,Drift Magazine ATX,Tier 2,unknown,,2026-09-29,Not enough history yet. Checked every scheduled run until we know more. WARNING: not found on the last check; one more miss and it stops being checked.
eaatut,Effective Altruism at University of Texas at Austin,Tier 1,unknown,,2026-10-05,Not enough history yet. Checked every scheduled run until we know more.
echo.texas,Engineering Chamber Orchestra,Tier 2,unknown,,2026-09-29,Not enough history yet. Checked every scheduled run until we know more.
eclairrobotics,Engineering and Computational Learning of Artificial Intelligence in Robotics,Tier 1,active,2026-10-03,2026-10-05,Posted in the last 21 days. Checked every scheduled run.
efa.utexas,Education for All,Tier 1,active,2026-10-01,2026-10-05,Posted in the last 21 days. Checked every scheduled run.
egadsaustin,Electronic Game Developers Society,Tier 1,active,2026-10-02,2026-10-05,Posted in the last 21 days. Checked every scheduled run.
eialphas,"Alpha Phi Alpha Fraternity, Inc.",Tier 2,unknown,,2026-09-29,Not enough history yet. Checked every scheduled run until we know more.
ejcollectiveut,Environmental Justice Collective,Tier 1,active,2026-10-02,2026-10-05,Posted in the last 21 days. Checked every scheduled run.
emancipetoncampus,Emancipet on Campus,Tier 1,active,2026-09-28,2026-10-05,Posted in the last 21 days. Checked every scheduled run.
enable_ut,e-NABLE at UT Austin,Tier 1,unknown,,2026-10-05,Not enough history yet. Checked every scheduled run until we know more.
enc_tx,Every Nation Campus,Tier 1,active,2026-09-30,2026-10-05,Posted in the last 21 days. Checked every scheduled run.
equalmbas,eQual MBAs,Tier 2,unknown,,2026-09-29,Not enough history yet. Checked every scheduled run until we know more.
eswut,Engineers for a Sustainable World,Tier 1,active,2026-10-02,2026-10-05,Posted in the last 21 days. Checked every scheduled run.
etasigmaphi_tx,Eta Sigma Phi,Tier 1,unknown,,2026-10-05,Not enough history yet. Checked every scheduled run until we know more.
fcalonghorn,Fellowship of Christian Athletes,Tier 1,active,2026-10-03,2026-10-05,Posted in the last 21 days. Checked every scheduled run.
fgls_texaslaw,First Generation Law Students,Tier 2,unknown,,2026-09-29,Not enough history yet. Checked every scheduled run until we know more.
firstgenlonghorns,First-Gen Longhorns,Tier 1,unknown,,2026-10-05,Not enough history yet. Checked every scheduled run until we know more.
footinthedoortheatre,Foot in the Door Theatre,Tier 2,unknown,,2026-09-29,Not enough history yet. Checked every scheduled run until we know more.
freetailhackers,Freetail Hackers,Tier 1,active,2026-10-04,2026-10-05,Posted in the last 21 days. Checked every scheduled run.
friendsofmsfutaustin,Friends of MSF at UT Austin,Tier 1,unknown,,2026-10-05,Not enough history yet. Checked every scheduled run until we know more.
frontncenterut,Front 'N Center,Tier 2,active,2026-09-27,2026-09-29,Posted in the last 21 days. Checked every scheduled run.
fuseacappella,Fuse A Cappella,Tier 2,unknown,,2026-09-29,Not enough history yet. Checked every scheduled run until we know more.
gigglepantsimprov,Gigglepants Improv Comedy Troupe,Tier 2,unknown,,2026-09-29,Not enough history yet. Checked every scheduled run until we know more.
girlsclubtexas,Girls Club of Texas at Austin,Tier 2,unknown,,2026-09-29,Not enough history yet. Checked every scheduled run until we know more.
give.utaustin,GIVE at The University of Texas at Austin,Tier 1,unknown,,2026-10-05,Not enough history yet. Checked every scheduled run until we know more.
gmmaustin,Global Medical Missions Alliance,Tier 1,active,2026-10-04,2026-10-05,Posted in the last 21 days. Checked every scheduled run.
gmtlonghorn,Global Medical Training,Tier 1,active,2026-10-04,2026-10-05,Posted in the last 21 days. Checked every scheduled run.
gritsconference,Getting Radical In The South,Tier 2,unknown,,2026-09-29,Not enough history yet. Checked every scheduled run until we know more.
grltexas,Gamma Rho Lambda,Tier 2,active,2026-09-28,2026-09-29,Posted in the last 21 days. Checked every scheduled run.
gscatut,GSC Student Leadership Committee,Tier 1,active,2026-10-01,2026-10-05,Posted in the last 21 days. Checked every scheduled run.
gum.utexas,Graduates for Underrepresented Minorities,Tier 2,unknown,,,Not enough history yet. Checked every scheduled run until we know more.
h4haustin,Hearts for the Homeless Austin,Tier 1,active,2026-09-27,2026-10-05,Posted in the last 21 days. Checked every scheduled run.
havenatx,Haven Student Fellowship,Tier 1,active,2026-10-05,2026-10-05,Posted in the last 21 days. Checked every scheduled run.
hcmptexas,Health Careers Mentorship Program,Tier 1,active,2026-10-01,2026-10-05,Posted in the last 21 days. Checked every scheduled run.
healingwithharmonies,Healing with Harmonies,Tier 2,unknown,,2026-09-29,Not enough history yet. Checked every scheduled run until we know more.
healthyhorns,Healthyhorns,Tier 1,active,2026-10-02,2026-10-05,Posted in the last 21 days. Checked every scheduled run.
heartclub_ut,Heart Club @ UT,Tier 1,active,2026-10-03,2026-10-05,Posted in the last 21 days. Checked every scheduled run.
heartfulness,Heartfulness Meditation Group,Tier 1,active,2026-10-05,2026-10-05,Posted in the last 21 days. Checked every scheduled run.
heelhookem,Brazilian Jiu Jitsu at the University of Texas,Tier 2,unknown,,2026-09-29,Not enough history yet. Checked every scheduled run until we know more.
helpinghornz,Helping Hornz,Tier 1,unknown,,2026-10-05,Not enough history yet. Checked every scheduled run until we know more.
hercampustexas,Her Campus at Texas,Tier 2,active,2026-09-28,2026-09-29,Posted in the last 21 days. Checked every scheduled run.
hillhousestudycenter,Hill House Students,Tier 1,active,2026-10-02,2026-10-05,Posted in the last 21 days. Checked every scheduled run.
hinduyuva.utaustin,Hindu YUVA,Tier 1,active,2026-10-03,2026-10-05,Posted in the last 21 days. Checked every scheduled run.
hksatx,Hong Kong Students Association,Tier 1,unknown,,2026-10-05,Not enough history yet. Checked every scheduled run until we know more.
hmcc_atx,Access Christian Fellowship,Tier 1,active,2026-10-04,2026-10-05,Posted in the last 21 days. Checked every scheduled run.
hookdmag,Hook'd Magazine,Tier 2,unknown,,2026-09-29,Not enough history yet. Checked every scheduled run until we know more.
hooked.on.running,Hooked on Running,Tier 2,unknown,,2026-09-29,Not enough history yet. Checked every scheduled run until we know more.
hookedmediastrategy,Hooked Media Strategy,Tier 1,unknown,,2026-10-05,Not enough history yet. Checked every scheduled run until we know more.
hookem_bhangra,Hooked Bhangra,Tier 2,unknown,,2026-09-29,Not enough history yet. Checked every scheduled run until we know more.
hookemarts,Hook 'Em Arts,Tier 2,unknown,,2026-09-29,Not enough history yet. Checked every scheduled run until we know more.
hookemhacks,Hack AI,Tier 1,unknown,,2026-10-05,Not enough history yet. Checked every scheduled run until we know more.
hornslens,Horns Lens - Photography Org,Tier 2,unknown,,2026-09-29,Not enough history yet. Checked every scheduled run until we know more.
hornssportsdebate,Horns Sports Debate,Tier 1,unknown,,2026-10-05,Not enough history yet. Checked every scheduled run until we know more.
hsweattcenter,Heman Sweatt Center for Collegiate Males,Tier 1,active,2026-10-03,2026-10-05,Posted in the last 21 days. Checked every scheduled run.
humacappella,Hum A Cappella,Tier 2,unknown,,2026-09-29,Not enough history yet. Checked every scheduled run until we know more.
ieee.ut,Institute of Electrical & Electronics Engineers,Tier 1,active,2026-10-01,2026-10-05,Posted in the last 21 days. Checked every scheduled run.
ieee.ut.pes,IEEE Power and Energy Society,Tier 1,active,2026-10-03,2026-10-05,Posted in the last 21 days. Checked every scheduled run.
ifwhenhow.austin,If/When/How at the University of Texas at Austin,Tier 2,unknown,,,Not enough history yet. Checked every scheduled run until we know more.
ignitetexas,Ignite Texas,Tier 1,active,2026-09-28,2026-10-05,Posted in the last 21 days. Checked every scheduled run.
igsmatx,International Graduate Student Ministry - at Austin,Tier 2,active,2026-09-28,2026-09-29,Posted in the last 21 days. Checked every scheduled run.
ilassaut,Institute of Latin American Studies Stu. Assn.,Tier 1,unknown,,2026-10-05,Not enough history yet. Checked every scheduled run until we know more.
inbetweenthelines.ut,In Between the Lines,Tier 1,active,2026-10-04,2026-10-05,Posted in the last 21 days. Checked every scheduled run.
indigocollectiveatx,Indigo Collective@UT,Tier 2,unknown,,,Not enough history yet. Checked every scheduled run until we know more.
ismp_austin,International Student Mentorship Program at UT,Tier 1,active,2026-10-02,2026-10-05,Posted in the last 21 days. Checked every scheduled run.
ispetexas,The International Society for Pharmaceutical Engineering,Tier 1,active,2026-09-28,2026-10-05,Posted in the last 21 days. Checked every scheduled run.
iusm_austin,International Undergraduate Student Ministry-Austin,Tier 1,active,2026-10-01,2026-10-05,Posted in the last 21 days. Checked every scheduled run.
ivlafelonghorns,La Fe (Latino Fellowship),Tier 1,unknown,,2026-10-05,Not enough history yet. Checked every scheduled run until we know more.
jesterunited,Jester East Residence Hall Council,Tier 2,unknown,,2026-09-29,Not enough history yet. Checked every scheduled run until we know more.
kbeat_ut,K-Beat,Tier 2,active,2026-09-28,2026-09-29,Posted in the last 21 days. Checked every scheduled run.
ke.utcop,Kappa Epsilon - Pharmacy,Tier 2,unknown,,2026-09-29,Not enough history yet. Checked every scheduled run until we know more.
kesemutaustin,Camp Kesem at the University of Texas at Austin,Tier 1,active,2026-10-04,2026-10-05,Posted in the last 21 days. Checked every scheduled run.
kinsrhc,Kinsolving Residence Hall Council,Tier 2,unknown,,2026-09-29,Not enough history yet. Checked every scheduled run until we know more.
koinonia_texas,Koinonia Christian Fellowship,Tier 1,active,2026-09-26,2026-10-05,Posted in the last 21 days. Checked every scheduled run.
kontrolcrewtx,Kontrol Crew Texas,Tier 2,unknown,,2026-09-29,Not enough history yet. Checked every scheduled run until we know more.
ksea.texas,KSEA Chapter at the University of Texas,Tier 1,unknown,,2026-10-05,Not enough history yet. Checked every scheduled run until we know more.
kswelinstitute,Kendra Scott Women's Entrepreneurial Leadership Institute Student Board,Tier 1,active,2026-09-30,2026-10-05,Posted in the last 21 days. Checked every scheduled run.
labyrinthatx,Labyrinth Progressive Student Ministry,Tier 1,active,2026-10-02,2026-10-05,Posted in the last 21 days. Checked every scheduled run.
lahstudentcouncil,Liberal Arts Honors Student Council,Tier 1,active,2026-09-30,2026-10-05,Posted in the last 21 days. Checked every scheduled run.
last_writers_at_ut,Last Writers at the University of Texas at Austin,Tier 2,active,2026-09-28,2026-09-29,Posted in the last 21 days. Checked every scheduled run.
latinxut,Latinx Theatre Initiative at UT Austin,Tier 2,unknown,,2026-09-29,Not enough history yet. Checked every scheduled run until we know more.
lbj_fpa,Feminist Policy Alliance Austin,Tier 2,unknown,,2026-09-29,Not enough history yet. Checked every scheduled run until we know more.
lbj_gpac,Graduate Public Affairs Council,Tier 2,unknown,,2026-09-29,Not enough history yet. Checked every scheduled run until we know more.
lc.austintx,AIESEC in Austin,Tier 1,unknown,,2026-10-05,Not enough history yet. Checked every scheduled run until we know more.
lcoaustin,Lebanese Cultural Organization,Tier 1,unknown,,2026-10-05,Not enough history yet. Checked every scheduled run until we know more.
leba.utexas,Latin Economics and Business Association,Tier 1,active,2026-10-01,2026-10-05,Posted in the last 21 days. Checked every scheduled run.
lec.ut,Longhorn Energy Club,Tier 1,active,2026-09-29,2026-10-05,Posted in the last 21 days. Checked every scheduled run.
lhblacks,LHBlacks,Tier 2,active,2026-09-26,2026-09-29,Posted in the last 21 days. Checked every scheduled run.
lhneurotech,Longhorn Neurotech,Tier 1,active,2026-10-04,2026-10-05,Posted in the last 21 days. Checked every scheduled run.
lifelonglearningwithfriends,Lifelong Learning with Friends at the University of Texas at Austin,Tier 1,active,2026-10-03,2026-10-05,Posted in the last 21 days. Checked every scheduled run.
longhorn.mmho,Muslim Mental Health Organization,Tier 1,active,2026-10-04,2026-10-05,Posted in the last 21 days. Checked every scheduled run.
longhorn.scrap.society,Longhorn Scrap Society,Tier 2,unknown,,2026-09-29,Not enough history yet. Checked every scheduled run until we know more.
longhorn_geoguessr_club,Longhorn GeoGuessr,Tier 1,unknown,,2026-10-05,Not enough history yet. Checked every scheduled run until we know more.
longhorn_lol,Longhorn League of Legends,Tier 1,active,2026-10-03,2026-10-05,Posted in the last 21 days. Checked every scheduled run.
longhorn_magic_club,Longhorn Magic,Tier 2,unknown,,2026-09-29,Not enough history yet. Checked every scheduled run until we know more.
longhorn_poker,Longhorn Poker,Tier 1,unknown,,2026-10-05,Not enough history yet. Checked every scheduled run until we know more.
longhorn_riichi,Longhorn Riichi,Tier 1,unknown,,2026-10-05,Not enough history yet. Checked every scheduled run until we know more.
longhorn_sim_racing,Longhorn Sim Racing,Tier 1,active,2026-10-04,2026-10-05,Posted in the last 21 days. Checked every scheduled run.
longhorn_voices,Longhorn Voices Book Club,Tier 1,unknown,,2026-10-05,Not enough history yet. Checked every scheduled run until we know more.
longhornassetmgmt,Longhorn Asset Management,Tier 1,unknown,,2026-10-05,Not enough history yet. Checked every scheduled run until we know more.
longhornatsa,Longhorn Athletic Training Student Association,Tier 1,active,2026-09-30,2026-10-05,Posted in the last 21 days. Checked every scheduled run.
longhornbajaracing,Longhorn Baja Racing,Tier 1,active,2026-09-27,2026-10-05,Posted in the last 21 days. Checked every scheduled run.
longhornbakers,Longhorn Bakers,Tier 1,active,2026-10-03,2026-10-05,Posted in the last 21 days. Checked every scheduled run.
longhornbestbuddies,Best Buddies,Tier 1,unknown,,2026-10-05,Not enough history yet. Checked every scheduled run until we know more.
longhornbsm,Baptist Student Ministry,Tier 1,active,2026-09-30,2026-10-05,Posted in the last 21 days. Checked every scheduled run.
longhorncatholic,Longhorn Catholic Council,Tier 1,active,2026-09-28,2026-10-05,Posted in the last 21 days. Checked every scheduled run.
longhorncomics,Longhorn Comic Books,Tier 1,active,2026-10-01,2026-10-05,Posted in the last 21 days. Checked every scheduled run.
longhorndanceco,Longhorn Dance Club,Tier 2,unknown,,2026-09-29,Not enough history yet. Checked every scheduled run until we know more.
longhorndesignlab,The Longhorn Design Lab,Tier 1,unknown,,2026-10-05,Not enough history yet. Checked every scheduled run until we know more.
longhorndevelopers,Longhorn Developers,Tier 1,active,2026-09-29,2026-10-05,Posted in the last 21 days. Checked every scheduled run.
longhorndigitalmarketing,Longhorn Digital Marketing,Tier 1,unknown,,2026-10-05,Not enough history yet. Checked every scheduled run until we know more.
longhornems,Longhorn EMS,Tier 1,active,2026-09-28,2026-10-05,Posted in the last 21 days. Checked every scheduled run.
longhornescapesociety,Longhorn Escape Society,Tier 1,unknown,,2026-10-05,Not enough history yet. Checked every scheduled run until we know more.
longhornfinance,Financial Literacy Club @ UT Austin,Tier 1,active,2026-09-29,2026-10-05,Posted in the last 21 days. Checked every scheduled run.
longhornfurries,Longhorn Furries,Tier 1,unknown,,2026-10-05,Not enough history yet. Checked every scheduled run until we know more.
longhorngaming,Longhorn Gaming,Tier 1,unknown,,2026-10-05,Not enough history yet. Checked every scheduled run until we know more.
longhornhellraisers,Longhorn Hellraisers,Tier 2,active,2026-09-26,2026-09-29,Posted in the last 21 days. Checked every scheduled run.
longhornhsa,Hindu Students Association,Tier 1,active,2026-10-02,2026-10-05,Posted in the last 21 days. Checked every scheduled run.
longhornijm,Longhorn International Justice Mission,Tier 1,active,2026-09-28,2026-10-05,Posted in the last 21 days. Checked every scheduled run.
longhorninvestmentteam,Longhorn Investment Team,Tier 1,unknown,,2026-10-05,Not enough history yet. Checked every scheduled run until we know more.
longhornmindfulmiles,Longhorn Mindful Miles,Tier 1,active,2026-09-28,2026-10-05,Posted in the last 21 days. Checked every scheduled run.
longhornmyco,Longhorn Mycological Society,Tier 2,active,2026-09-27,2026-09-29,Posted in the last 21 days. Checked every scheduled run.
longhornpadel,Longhorn Padel,Tier 2,active,2026-09-26,2026-09-29,Posted in the last 21 days. Checked every scheduled run.
longhornpowerlifting,Longhorn Powerlifting,Tier 2,unknown,,2026-09-29,Not enough history yet. Checked every scheduled run until we know more.
longhornpuzzleclub,Longhorn Puzzle Club,Tier 1,unknown,,2026-10-05,Not enough history yet. Checked every scheduled run until we know more.
longhornracing,Longhorn Racing,Tier 1,active,2026-10-04,2026-10-05,Posted in the last 21 days. Checked every scheduled run.
longhornrocketry,The Longhorn Rocketry Association,Tier 1,active,2026-10-03,2026-10-05,Posted in the last 21 days. Checked every scheduled run.
longhornsforchrist,Longhorns For Christ,Tier 1,active,2026-10-04,2026-10-05,Posted in the last 21 days. Checked every scheduled run.
longhornsingers,Longhorn Singers,Tier 2,active,2026-09-27,2026-09-29,Posted in the last 21 days. Checked every scheduled run.
longhornsquash,Longhorn Squash Club,Tier 2,unknown,,2026-09-29,Not enough history yet. Checked every scheduled run until we know more.
longhornstudentsforisrael,Longhorn Students For Israel,Tier 1,active,2026-10-02,2026-10-05,Posted in the last 21 days. Checked every scheduled run.
longhornswc,Michael T. Woodward Special Warfare Club,Tier 2,unknown,,2026-09-29,Not enough history yet. Checked every scheduled run until we know more.
longhornswimclub,Longhorn Swim Club,Tier 2,unknown,,2026-09-29,Not enough history yet. Checked every scheduled run until we know more.
longhornterrys,Terry Scholar Student Association,Tier 2,active,2026-09-29,2026-09-29,Posted in the last 21 days. Checked every scheduled run.
longhornurbanists,Longhorn Urbanists,Tier 1,active,2026-09-29,2026-10-05,Posted in the last 21 days. Checked every scheduled run.
longhornwrestlingclub,Longhorn Wrestling,Tier 2,unknown,,2026-09-29,Not enough history yet. Checked every scheduled run until we know more.
longhornxa,Longhorn Chi Alpha Christian Fellowship,Tier 1,active,2026-10-04,2026-10-05,Posted in the last 21 days. Checked every scheduled run.
lsdna_tx_campus,Law Student Disability and Neurodivergent Alliance,Tier 2,unknown,,,Not enough history yet. Checked every scheduled run until we know more.
lsforblacklives,Law Students for Black Lives,Tier 2,unknown,,2026-09-29,Not enough history yet. Checked every scheduled run until we know more.
lta_gammachi,Lambda Theta Alpha Latin Sorority Incorporated,Tier 2,active,2026-09-28,2026-09-29,Posted in the last 21 days. Checked every scheduled run.
mac.utaustin,Music Appreciation Club at UT,Tier 2,active,2026-09-26,2026-09-29,Posted in the last 21 days. Checked every scheduled run.
mastt_ut,Math and Science Teachers of Tomorrow,Tier 2,unknown,,2026-09-29,Not enough history yet. Checked every scheduled run until we know more.
mathclubut,Math Club,Tier 2,active,2026-09-28,2026-09-29,Posted in the last 21 days. Checked every scheduled run.
menalsa.tx,Middle Eastern and North African Law Students Association at the University of Texas at Austin,Tier 2,unknown,,2026-09-29,Not enough history yet. Checked every scheduled run until we know more.
mendingmedicalmindsut,Mending Medical Minds,Tier 1,active,2026-09-30,2026-10-05,Posted in the last 21 days. Checked every scheduled run.
mhisatexas,Texas Mental Health Initiative for South Asians,Tier 1,active,2026-10-01,2026-10-05,Posted in the last 21 days. Checked every scheduled run.
miraclemessagesaustin,Miracle Messages Austin,Tier 1,active,2026-09-28,2026-10-05,Posted in the last 21 days. Checked every scheduled run.
mlds_ut,Machine Learning and Data Science,Tier 1,unknown,,2026-10-05,Not enough history yet. Checked every scheduled run until we know more.
mls_ut,Muslim Legal Society,Tier 1,active,2026-09-27,2026-10-05,Posted in the last 21 days. Checked every scheduled run.
mpacctexas,Texas MPA Consulting Club,Tier 1,unknown,,2026-10-05,Not enough history yet. Checked every scheduled run until we know more.
mpsigmas,Phi Beta Sigma Fraternity Incorporated - Mu Rho Chapter,Tier 2,unknown,,,Not enough history yet. Checked every scheduled run until we know more.
mwplaw,Minority Women Pursuing Law,Tier 2,active,2026-09-28,2026-09-29,Posted in the last 21 days. Checked every scheduled run.
nabe.ut,National Association for Business Economics at UT Austin,Tier 1,unknown,,2026-10-05,Not enough history yet. Checked every scheduled run until we know more.
naipaut,Native American and Indigenous Peoples Association,Tier 1,unknown,,2026-10-05,Not enough history yet. Checked every scheduled run until we know more.
namioncampusatx,National Alliance on Mental Illness (NAMI) On Campus at University of Texas at Austin,Tier 1,active,2026-10-04,2026-10-05,Posted in the last 21 days. Checked every scheduled run.
nationalsecuritycollective,The National Security Collective,Tier 1,active,2026-09-27,2026-10-05,Posted in the last 21 days. Checked every scheduled run.
nblsa_ut,Pre-Law Division of The National Black Law Students Association/ Longhorn Chapter,Tier 1,unknown,,2026-10-05,Not enough history yet. Checked every scheduled run until we know more.
ncf_austin,Nurses Christian Fellowship - UT Austin,Tier 1,active,2026-10-01,2026-10-05,Posted in the last 21 days. Checked every scheduled run.
ncnwutaustin,"National Council of Negro Women, UT Austin Section",Tier 1,active,2026-10-03,2026-10-05,Posted in the last 21 days. Checked every scheduled run.
newwavelonghorns,New Wave Longhorns,Tier 1,unknown,,2026-10-05,Not enough history yet. Checked every scheduled run until we know more.
nice_utaustin,Nuclear Is Clean Energy,Tier 1,unknown,,2026-10-05,Not enough history yet. Checked every scheduled run until we know more.
nsdispos,Nritya Sangam Indian Dance Troupe,Tier 2,unknown,,2026-09-29,Not enough history yet. Checked every scheduled run until we know more.
nuecesmosque,Nueces Mosque - Student Chapter,Tier 1,active,2026-10-04,2026-10-05,Posted in the last 21 days. Checked every scheduled run.
occm.texas,Orthodox Christian Campus Ministries at UT Austin,Tier 1,active,2026-09-27,2026-10-05,Posted in the last 21 days. Checked every scheduled run.
officialpulseclub,0fficial Pulse Club,Tier 1,active,2026-10-01,2026-10-05,Posted in the last 21 days. Checked every scheduled run.
onewaysaiv,OneWay South Asian InterVarsity,Tier 1,active,2026-10-05,2026-10-05,Posted in the last 21 days. Checked every scheduled run.
outlaw.tx,OUTLaw - LGBTQ Law Student Association,Tier 2,unknown,,,Not enough history yet. Checked every scheduled run until we know more.
pdclambda,Phi Delta Chi,Tier 2,active,2026-09-28,2026-09-29,Posted in the last 21 days. Checked every scheduled run.
permiasaustin,Indonesian Student Association (PERMIAS),Tier 1,active,2026-09-28,2026-10-05,Posted in the last 21 days. Checked every scheduled run.
pharmtox_social_and_outreach,Pharmacology and Toxicology Social and Outreach Committee,Tier 1,unknown,,2026-10-05,Not enough history yet. Checked every scheduled run until we know more.
phidetx,Texas Phi Delta Epsilon,Tier 1,active,2026-09-29,2026-10-05,Posted in the last 21 days. Checked every scheduled run.
philosophysocietyutx,The Philosophy Society at The University of Texas,Tier 2,unknown,,2026-09-29,Not enough history yet. Checked every scheduled run until we know more.
phipsitexas,Phi Kappa Psi Fraternity,Tier 2,active,2026-09-28,2026-09-29,Posted in the last 21 days. Checked every scheduled run.
pihengageatutaustin,Partners in Health Engage at UT Austin,Tier 1,active,2026-09-29,2026-10-05,Posted in the last 21 days. Checked every scheduled run.
pila_texaslaw,Public Interest Law Association,Tier 2,unknown,,2026-09-29,Not enough history yet. Checked every scheduled run until we know more.
pinkfirst.utaustin,Pink First at the University of Texas at Austin,Tier 1,active,2026-09-28,2026-10-05,Posted in the last 21 days. Checked every scheduled run.
pivotpointcentral,Pivot Point Central,Tier 1,unknown,,2026-10-05,Not enough history yet. Checked every scheduled run until we know more.
plan2premed,Plan II Pre Med Society,Tier 1,active,2026-10-01,2026-10-05,Posted in the last 21 days. Checked every scheduled run.
plan_2_film,Plan II Film Club,Tier 2,unknown,,2026-09-29,Not enough history yet. Checked every scheduled run until we know more. WARNING: not found on the last check; one more miss and it stops being checked.
platypusatx1917,Platypus Austin,Tier 1,active,2026-10-03,2026-10-05,Posted in the last 21 days. Checked every scheduled run.
plc_etachapter,"Pi Lambda Chi Latina Sorority, Inc. - Eta Chapter",Tier 2,unknown,,,Not enough history yet. Checked every scheduled run until we know more.
plspsichapter,Phi Lambda Sigma - Pharmacy,Tier 2,unknown,,2026-09-29,Not enough history yet. Checked every scheduled run until we know more.
polishclubatut,Polish Club at UT,Tier 1,unknown,,2026-10-05,Not enough history yet. Checked every scheduled run until we know more.
projectyellowtexas,Project Yellow at the University of Texas at Austin,Tier 1,active,2026-09-30,2026-10-05,Posted in the last 21 days. Checked every scheduled run.
psaustinchapter,Project Sunshine at the University of Texas at Austin,Tier 1,active,2026-10-04,2026-10-05,Posted in the last 21 days. Checked every scheduled run.
qtbipoca_ut,Queer Trans Black Indigenous People of Color Agency (QTBIPOCA),Tier 1,unknown,,2026-10-05,Not enough history yet. Checked every scheduled run until we know more.
rdc.ut,Reggaeton Dance Club at UT,Tier 2,unknown,,2026-09-29,Not enough history yet. Checked every scheduled run until we know more.
readingaces,Reading Aces,Tier 1,active,2026-10-01,2026-10-05,Posted in the last 21 days. Checked every scheduled run.
redcrossclubtexas,American Red Cross Club at The University of Texas at Austin,Tier 1,active,2026-09-30,2026-10-05,Posted in the last 21 days. Checked every scheduled run.
redefineddanceco,Redefined Dance Company,Tier 2,unknown,,2026-09-29,Not enough history yet. Checked every scheduled run until we know more.
resoundacappella,Re:Sound A Cappella,Tier 1,active,2026-10-02,2026-10-05,Posted in the last 21 days. Checked every scheduled run.
revivetexasmin,Revive Texas Ministries,Tier 1,active,2026-10-02,2026-10-05,Posted in the last 21 days. Checked every scheduled run.
ridgecollege,The Ridge | College Ministry at the University of Texas at Austin,Tier 1,active,2026-10-02,2026-10-05,Posted in the last 21 days. Checked every scheduled run.
rooted.immigrant.collective,Rooted Collective,Tier 1,unknown,,2026-10-05,Not enough history yet. Checked every scheduled run until we know more.
roustaboutsdanceco,Roustabouts Dance Company,Tier 2,unknown,,2026-09-29,Not enough history yet. Checked every scheduled run until we know more.
rowfortexas,Texas Crew,Tier 2,active,2026-09-26,2026-09-29,Posted in the last 21 days. Checked every scheduled run.
saaya_ut,Saaya Dance Company,Tier 2,unknown,,2026-09-29,Not enough history yet. Checked every scheduled run until we know more.
sac.austin,Students Against Cancer,Tier 1,active,2026-09-30,2026-10-05,Posted in the last 21 days. Checked every scheduled run.
sacnasutaustin,Society for Advancement of Chicano/Hispanics and Native Americans in Science,Tier 1,unknown,,2026-10-05,Not enough history yet. Checked every scheduled run until we know more.
sanjac_rhc,San Jacinto Residence Hall Council,Tier 2,unknown,,2026-09-29,Not enough history yet. Checked every scheduled run until we know more.
sasetexas,Society of Asian Scientists and Engineers,Tier 1,active,2026-10-03,2026-10-05,Posted in the last 21 days. Checked every scheduled run.
sasputaustin,Student Affiliates for School Psychology,Tier 2,active,2026-09-26,2026-09-29,Posted in the last 21 days. Checked every scheduled run.
sba_ut,Student Bar Association,Tier 2,unknown,,2026-09-29,Not enough history yet. Checked every scheduled run until we know more.
science.under.the.stars,Science Under the Stars,Tier 2,unknown,,2026-09-29,Not enough history yet. Checked every scheduled run until we know more.
scmso_ut,Supply Chain Management Student Organization,Tier 1,active,2026-09-28,2026-10-05,Posted in the last 21 days. Checked every scheduled run.
score.athletics,SCORE Athletics,Tier 1,unknown,,2026-10-05,Not enough history yet. Checked every scheduled run until we know more.
sda.utexas,Students Demand Action,Tier 1,unknown,,2026-10-05,Not enough history yet. Checked every scheduled run until we know more.
seal_ut,Students Expanding Austin Literacy,Tier 1,active,2026-10-01,2026-10-05,Posted in the last 21 days. Checked every scheduled run.
seaot_ut,Structural Engineering Association of Texas - Student Chapter,Tier 1,unknown,,2026-10-05,Not enough history yet. Checked every scheduled run until we know more.
sectexas,Student Engineering Council,Tier 1,active,2026-10-02,2026-10-05,Posted in the last 21 days. Checked every scheduled run.
sellfellowship,Social Entrepreneurship Learning Lab Fellowship,Tier 1,unknown,,2026-10-05,Not enough history yet. Checked every scheduled run until we know more.
sevacharities,Seva Charities,Tier 1,active,2026-09-29,2026-10-05,Posted in the last 21 days. Checked every scheduled run.
sfccut,Students Fighting Climate Change,Tier 1,active,2026-09-30,2026-10-05,Posted in the last 21 days. Checked every scheduled run.
sfppatx,Students for Planned Parenthood,Tier 1,active,2026-10-04,2026-10-05,Posted in the last 21 days. Checked every scheduled run.
siamutaustin,Austin Chapter of SIAM,Tier 2,unknown,,2026-09-29,Not enough history yet. Checked every scheduled run until we know more.
silkclubatx,Silk Club,Tier 1,unknown,,2026-10-05,Not enough history yet. Checked every scheduled run until we know more.
simplebarenecessitiesaustin,Austin Simple Bare Necessities,Tier 1,unknown,,2026-10-05,Not enough history yet. Checked every scheduled run until we know more.
skyatutaustin,SKY Meditation and Wellness,Tier 1,active,2026-10-04,2026-10-05,Posted in the last 21 days. Checked every scheduled run.
smlsut,Students in Medical Laboratory Science,Tier 1,active,2026-09-27,2026-10-05,Posted in the last 21 days. Checked every scheduled run.
snafu_prov,SNAFU Improv,Tier 2,unknown,,2026-09-29,Not enough history yet. Checked every scheduled run until we know more.
socksforthesole,Socks for the Sole,Tier 1,unknown,,2026-10-05,Not enough history yet. Checked every scheduled run until we know more.
sof.utaustin,Scholars of Finance,Tier 1,unknown,,2026-10-05,Not enough history yet. Checked every scheduled run until we know more.
sol_utexas,Project MALES Student Organization,Tier 1,unknown,,2026-10-05,Not enough history yet. Checked every scheduled run until we know more.
sparkmagazinetx,SPARK Magazine,Tier 2,unknown,,2026-09-29,Not enough history yet. Checked every scheduled run until we know more.
specialolympics.ut,Special Olympics Club at The University of Texas,Tier 1,active,2026-10-03,2026-10-05,Posted in the last 21 days. Checked every scheduled run.
spicmacay_utaustin,SPIC MACAY Chapter at UT Austin,Tier 2,unknown,,2026-09-29,Not enough history yet. Checked every scheduled run until we know more.
sports_entertainmentls,Sports and Entertainment Law Society,Tier 1,unknown,,2026-10-05,Not enough history yet. Checked every scheduled run until we know more.
spotlights_utt,UTeach Theatre Spotlights,Tier 1,active,2026-09-28,2026-10-05,Posted in the last 21 days. Checked every scheduled run.
spwla.utaustin,Student Chapter of the Society of Petrophysicists and Well Log Analysts at The University of Texas at Austin,Tier 1,active,2026-09-30,2026-10-05,Posted in the last 21 days. Checked every scheduled run.
squadron_payne,Arnold Air Society John H. Payne Squadron,Tier 2,unknown,,2026-09-29,Not enough history yet. Checked every scheduled run until we know more.
ssitexas,Students Supporting Israel at University of Texas at Austin,Tier 1,active,2026-10-02,2026-10-05,Posted in the last 21 days. Checked every scheduled run.
steeldanceco,STEEL Dance Company,Tier 2,unknown,,2026-09-29,Not enough history yet. Checked every scheduled run until we know more.
studentmrc,Student Medical Reserve Corps at UT,Tier 1,active,2026-09-26,2026-10-05,Posted in the last 21 days. Checked every scheduled run.
studentsolidaritynetwork,The Student Solidarity Network,Tier 1,active,2026-10-03,2026-10-05,Posted in the last 21 days. Checked every scheduled run.
sum.atx,Schoenstatt University Men at UT,Tier 1,unknown,,2026-10-05,Not enough history yet. Checked every scheduled run until we know more.
sumcampusworship,The Fruits,Tier 1,active,2026-10-02,2026-10-05,Posted in the last 21 days. Checked every scheduled run.
survivor.texas,Survivor Texas,Tier 1,unknown,,2026-10-05,Not enough history yet. Checked every scheduled run until we know more.
swetexas,Society of Women Engineers,Tier 1,active,2026-09-28,2026-10-05,Posted in the last 21 days. Checked every scheduled run.
switchenergyclub_ut,Switch Energy Club Longhorn Chapter,Tier 1,unknown,,2026-10-05,Not enough history yet. Checked every scheduled run until we know more.
synapsetexas,Synapse,Tier 2,active,2026-09-28,2026-09-29,Posted in the last 21 days. Checked every scheduled run.
taa.utexas,Thai Association of Austin,Tier 1,unknown,,2026-10-05,Not enough history yet. Checked every scheduled run until we know more.
tabletennisclub_ttc,Table Tennis Club,Tier 2,active,2026-09-27,2026-09-29,Posted in the last 21 days. Checked every scheduled run.
tango_utaustin,Texas Argentine Tango,Tier 2,unknown,,2026-09-29,Not enough history yet. Checked every scheduled run until we know more.
tbla_ut,Texas Business Law Association,Tier 1,unknown,,2026-10-05,Not enough history yet. Checked every scheduled run until we know more.
tbp.texasalpha,Tau Beta Pi - Engineering,Tier 1,active,2026-10-03,2026-10-05,Posted in the last 21 days. Checked every scheduled run.
tcca.austin,Tzu Chi Collegiate Association Austin Chapter,Tier 1,unknown,,2026-10-05,Not enough history yet. Checked every scheduled run until we know more.
tcup_ut,Texas Creative Union Project,Tier 2,unknown,,2026-09-29,Not enough history yet. Checked every scheduled run until we know more.
tddtaustin,Texas Dragon/Lion Dance Team,Tier 2,active,2026-09-28,2026-09-29,Posted in the last 21 days. Checked every scheduled run.
teachersoftomorrowut,Teachers of Tomorrow,Tier 2,active,2026-09-27,2026-09-29,Posted in the last 21 days. Checked every scheduled run.
teco.ut,Texas Energy Consulting,Tier 1,active,2026-10-02,2026-10-05,Posted in the last 21 days. Checked every scheduled run.
tedxutaustin,TEDxUTAustin,Tier 1,unknown,,2026-10-05,Not enough history yet. Checked every scheduled run until we know more.
texas.aiche,American Institute of Chemical Engineers,Tier 1,active,2026-10-02,2026-10-05,Posted in the last 21 days. Checked every scheduled run.
texas.aotw,Texas Album of the Week,Tier 1,active,2026-09-30,2026-10-05,Posted in the last 21 days. Checked every scheduled run.
texas.apalsa,Asian Pacific American Law Student Association,Tier 2,unknown,,2026-09-29,Not enough history yet. Checked every scheduled run until we know more.
texas.aws,Disabilities Inclusion Agency,Tier 1,unknown,,2026-10-05,Not enough history yet. Checked every scheduled run until we know more.
texas.ballet,Texas Ballet Club,Tier 2,unknown,,2026-09-29,Not enough history yet. Checked every scheduled run until we know more.
texas.bei,Texas Brain Exercise Initiative,Tier 1,active,2026-10-01,2026-10-05,Posted in the last 21 days. Checked every scheduled run.
texas.bsa,Bengali Students Association,Tier 1,active,2026-10-02,2026-10-05,Posted in the last 21 days. Checked every scheduled run.
texas.csa,Chinese Student Association,Tier 1,active,2026-10-02,2026-10-05,Posted in the last 21 days. Checked every scheduled run.
texas.fsc,Texas Figure Skating,Tier 2,unknown,,,Not enough history yet. Checked every scheduled run until we know more.
texas.gmb,Global Medical Brigades,Tier 1,active,2026-09-28,2026-10-05,Posted in the last 21 days. Checked every scheduled run.
texas.hapnhpa,Hispanic Association of Pharmacists,Tier 2,active,2026-09-26,2026-09-29,Posted in the last 21 days. Checked every scheduled run.
texas.ka,Kappa Alpha Order,Tier 2,unknown,,2026-09-29,Not enough history yet. Checked every scheduled run until we know more.
texas.lhr,Longhorn Harm Reduction Coalition,Tier 1,unknown,,2026-10-05,Not enough history yet. Checked every scheduled run until we know more.
texas.nova,NOVA Consulting,Tier 1,unknown,,2026-10-05,Not enough history yet. Checked every scheduled run until we know more.
texas.pops,Pre-Optometry Professional Society,Tier 1,active,2026-09-28,2026-10-05,Posted in the last 21 days. Checked every scheduled run.
texas.ppa,Pediatric Pharmacy Association,Tier 1,active,2026-10-01,2026-10-05,Posted in the last 21 days. Checked every scheduled run.
texas.sammy,Sigma Alpha Mu Fraternity,Tier 2,unknown,,2026-09-29,Not enough history yet. Checked every scheduled run until we know more.
texas.sea,The Students of East Africa,Tier 1,active,2026-10-04,2026-10-05,Posted in the last 21 days. Checked every scheduled run.
texas.soca,Students of Caribbean Ancestry,Tier 1,active,2026-10-02,2026-10-05,Posted in the last 21 days. Checked every scheduled run.
texas.tapc,Texas Asian Pan-Hellenic Council,Tier 1,unknown,,2026-10-05,Not enough history yet. Checked every scheduled run until we know more.
texas.tcg,Tech Consulting Group at The University of Texas at Austin,Tier 1,unknown,,2026-10-05,Not enough history yet. Checked every scheduled run until we know more.
texas180dc,Texas 180 Degrees Consulting,Tier 1,active,2026-10-02,2026-10-05,Posted in the last 21 days. Checked every scheduled run.
texas4000,Texas 4000 for Cancer,Tier 1,active,2026-09-28,2026-10-05,Posted in the last 21 days. Checked every scheduled run.
texas_abcs,Association of Black Computer Scientists,Tier 1,unknown,,2026-10-05,Not enough history yet. Checked every scheduled run until we know more.
texas_acm,Association for Computing Machinery,Tier 1,active,2026-10-04,2026-10-05,Posted in the last 21 days. Checked every scheduled run.
texas_ado,The Alzheimer's and Dementia Organization at The University of Texas at Austin,Tier 1,unknown,,2026-10-05,Not enough history yet. Checked every scheduled run until we know more.
texas_akas,"Alpha Kappa Alpha Sorority, Incorporated - Delta Xi Chapter",Tier 2,unknown,,2026-09-29,Not enough history yet. Checked every scheduled run until we know more.
texas_aso,African Students Organization,Tier 1,active,2026-10-04,2026-10-05,Posted in the last 21 days. Checked every scheduled run.
texas_atmos,AMS at UT Austin,Tier 2,active,2026-09-28,2026-09-29,Posted in the last 21 days. Checked every scheduled run.
texas_bhpo,Black Health Professions Organization- MAPS Chapter,Tier 1,active,2026-10-04,2026-10-05,Posted in the last 21 days. Checked every scheduled run.
texas_cbc,Christian Business Student Council,Tier 1,unknown,,2026-10-05,Not enough history yet. Checked every scheduled run until we know more.
texas_cru,Texas Cru,Tier 1,active,2026-10-01,2026-10-05,Posted in the last 21 days. Checked every scheduled run.
texas_cyc,Consult Your Community- Texas Chapter,Tier 1,unknown,,2026-10-05,Not enough history yet. Checked every scheduled run until we know more.
texas_dawah,Texas Dawah Team,Tier 1,active,2026-09-30,2026-10-05,Posted in the last 21 days. Checked every scheduled run.
texas_fcc,Foundation Communities on Campus,Tier 1,active,2026-10-05,2026-10-05,Posted in the last 21 days. Checked every scheduled run.
texas_financial_futures,Texas Financial Futures,Tier 1,unknown,,2026-10-05,Not enough history yet. Checked every scheduled run until we know more.
texas_gis,Gamma Iota Sigma @ UT Austin,Tier 1,active,2026-09-30,2026-10-05,Posted in the last 21 days. Checked every scheduled run.
texas_inchaarg,"Changing Health, Attitudes and Actions to Recreate Girls",Tier 2,unknown,,,Not enough history yet. Checked every scheduled run until we know more.
texas_lcmd,Let's Crush Medical Debt at UT Austin,Tier 1,active,2026-10-03,2026-10-05,Posted in the last 21 days. Checked every scheduled run.
texas_mse,Texas Materials Scientists and Engineers,Tier 1,active,2026-09-30,2026-10-05,Posted in the last 21 days. Checked every scheduled run.
texas_nurhopsi,Texas Nu Rho Psi,Tier 1,active,2026-09-27,2026-10-05,Posted in the last 21 days. Checked every scheduled run.
texas_pearls,Texas Pearls,Tier 2,unknown,,2026-09-29,Not enough history yet. Checked every scheduled run until we know more.
texas_rev,Texas Retail & E-Commerce Ventures,Tier 1,unknown,,2026-10-05,Not enough history yet. Checked every scheduled run until we know more.
texas_rhochi,Rho Chi Pharmaceutical Honor Society,Tier 1,unknown,,2026-10-05,Not enough history yet. Checked every scheduled run until we know more.
texas_rpc,Rifle and Pistol Club,Tier 2,unknown,,2026-09-29,Not enough history yet. Checked every scheduled run until we know more.
texas_scan,Student Community of Asian Nurses,Tier 1,active,2026-10-01,2026-10-05,Posted in the last 21 days. Checked every scheduled run.
texas_scibowl,Texas Science Bowl,Tier 2,unknown,,2026-09-29,Not enough history yet. Checked every scheduled run until we know more.
texas_sdl,"Sigma Delta Lambda Sorority, Inc.",Tier 2,unknown,,2026-09-29,Not enough history yet. Checked every scheduled run until we know more.
texas_sgrhos,Sigma Gamma Rho Sorority Inc. Mu Upsilon,Tier 2,unknown,,2026-09-29,Not enough history yet. Checked every scheduled run until we know more.
texas_sps,Society of Physics Students,Tier 2,active,2026-09-28,2026-09-29,Posted in the last 21 days. Checked every scheduled run.
texas_ssa,Sikh Students Association,Tier 1,active,2026-09-27,2026-10-05,Posted in the last 21 days. Checked every scheduled run.
texas_tabletennis,Texas Table Tennis,Tier 2,unknown,,2026-09-29,Not enough history yet. Checked every scheduled run until we know more.
texas_tabletop,Texas Table Top,Tier 1,unknown,,2026-10-05,Not enough history yet. Checked every scheduled run until we know more.
texas_tuso,Texas Undergraduate Sales Organization,Tier 1,active,2026-10-04,2026-10-05,Posted in the last 21 days. Checked every scheduled run.
texas_ula,Texas Undergraduate Law and Policy Association,Tier 1,active,2026-10-02,2026-10-05,Posted in the last 21 days. Checked every scheduled run.
texas_uls,Undergraduate Linguistic Society,Tier 2,unknown,,,Not enough history yet. Checked every scheduled run until we know more.
texas_umbra,University Management & Business Research Association,Tier 1,active,2026-09-29,2026-10-05,Posted in the last 21 days. Checked every scheduled run.
texas_wake,Texas Wake,Tier 2,active,2026-09-28,2026-09-29,Posted in the last 21 days. Checked every scheduled run.
texasaacm,Asian American Campus Ministry,Tier 1,active,2026-10-03,2026-10-05,Posted in the last 21 days. Checked every scheduled run.
texasaaees,American Academy of Environmental Engineers and Scientists at the University of Texas,Tier 1,active,2026-09-26,2026-10-05,Posted in the last 21 days. Checked every scheduled run.
texasabpsi,The Association of Black Psychologists,Tier 1,active,2026-10-01,2026-10-05,Posted in the last 21 days. Checked every scheduled run.
texasabsa,Asian Business Students Association,Tier 1,active,2026-10-04,2026-10-05,Posted in the last 21 days. Checked every scheduled run.
texasacs,American Chemical Society - Student Affiliates,Tier 2,unknown,,2026-09-29,Not enough history yet. Checked every scheduled run until we know more.
texasadgroup,Texas Advertising Group,Tier 1,active,2026-10-04,2026-10-05,Posted in the last 21 days. Checked every scheduled run.
texasadpi,Alpha Delta Pi,Tier 2,active,2026-09-28,2026-09-29,Posted in the last 21 days. Checked every scheduled run.
texasaed,Alpha Epsilon Delta - Pre-Health Honor Society,Tier 1,active,2026-09-29,2026-10-01,Posted in the last 21 days. Checked every scheduled run.
texasaepi,Alpha Epsilon Pi Fraternity,Tier 2,unknown,,2026-09-29,Not enough history yet. Checked every scheduled run until we know more.
texasafa,Texas Arts for Aid,Tier 1,active,2026-09-29,2026-10-05,Posted in the last 21 days. Checked every scheduled run.
texasakdphi,"alpha Kappa Delta Phi Sorority, Inc.",Tier 2,unknown,,2026-09-29,Not enough history yet. Checked every scheduled run until we know more.
texasakpsi,Alpha Kappa Psi - Prof. Bus. Frat.,Tier 1,unknown,,2026-10-05,Not enough history yet. Checked every scheduled run until we know more.
texasalpfa,Association of Latino Professionals For America,Tier 1,active,2026-10-01,2026-10-05,Posted in the last 21 days. Checked every scheduled run.
texasalphaxi,Alpha Xi Delta,Tier 2,unknown,,2026-09-29,Not enough history yet. Checked every scheduled run until we know more.
texasama,"American Marketing Association, UT Collegiate Chapter",Tier 1,unknown,,2026-10-05,Not enough history yet. Checked every scheduled run until we know more.
texasampersand,Ampersand,Tier 2,active,2026-09-28,2026-09-29,Posted in the last 21 days. Checked every scheduled run.
texasapo,Alpha Phi Omega,Tier 1,active,2026-10-04,2026-10-05,Posted in the last 21 days. Checked every scheduled run.
texasasm,American Society for Microbiology at The University of Texas at Austin,Tier 2,active,2026-09-26,2026-09-29,Posted in the last 21 days. Checked every scheduled run.
texasasodance,UBUNTU,Tier 2,unknown,,,Not enough history yet. Checked every scheduled run until we know more.
texasasr,Alpha Sigma Rho Sorority,Tier 2,unknown,,2026-09-29,Not enough history yet. Checked every scheduled run until we know more.
texasato,Alpha Tau Omega Fraternity,Tier 2,unknown,,2026-09-29,Not enough history yet. Checked every scheduled run until we know more.
texasawm,Association for Women in Mathematics - Texas Chapter,Tier 2,unknown,,2026-09-29,Not enough history yet. Checked every scheduled run until we know more.
texasaxo,Alpha Chi Omega,Tier 2,active,2026-09-28,2026-09-29,Posted in the last 21 days. Checked every scheduled run.
texasballroom,Texas Ballroom,Tier 2,active,2026-09-28,2026-09-29,Posted in the last 21 days. Checked every scheduled run.
texasbbsa,Black Business Student Association,Tier 1,active,2026-09-30,2026-10-05,Posted in the last 21 days. Checked every scheduled run.
texasbelles,Texas Belles Event Planning Organization,Tier 1,unknown,,2026-10-05,Not enough history yet. Checked every scheduled run until we know more.
texasbetas,Sigma Lambda Beta-Eta Alpha Chapter,Tier 2,active,2026-09-28,2026-09-29,Posted in the last 21 days. Checked every scheduled run.
texasbhangra,TXBhangra,Tier 2,unknown,,2026-09-29,Not enough history yet. Checked every scheduled run until we know more.
texasblacklens,Texas Black Lens,Tier 2,unknown,,2026-09-29,Not enough history yet. Checked every scheduled run until we know more.
texasblazers,Texas Blazers,Tier 2,active,2026-09-28,2026-09-29,Posted in the last 21 days. Checked every scheduled run.
texasbmes,Biomedical Engineering Society,Tier 1,active,2026-10-02,2026-10-05,Posted in the last 21 days. Checked every scheduled run.
texasbowlingclub,Texas Bowling Club,Tier 2,unknown,,2026-09-29,Not enough history yet. Checked every scheduled run until we know more.
texasbsa,Black Student Alliance,Tier 1,unknown,,2026-10-05,Not enough history yet. Checked every scheduled run until we know more.
texasc4c,Crochet 4 a Cause,Tier 2,unknown,,2026-09-29,Not enough history yet. Checked every scheduled run until we know more.
texascanterbury,Texas Canterbury at The University of Texas at Austin,Tier 1,active,2026-09-27,2026-10-05,Posted in the last 21 days. Checked every scheduled run.
texascapitalcollective,Texas Capital Collective,Tier 1,unknown,,2026-10-05,Not enough history yet. Checked every scheduled run until we know more.
texascarillon,University of Texas Guild of Carillonneurs,Tier 2,unknown,,2026-09-29,Not enough history yet. Checked every scheduled run until we know more.
texascellos.utaustin,Texas Cellos @ ATX,Tier 2,unknown,,2026-09-29,Not enough history yet. Checked every scheduled run until we know more. WARNING: not found on the last check; one more miss and it stops being checked.
texascki,Circle K International,Tier 1,active,2026-10-04,2026-10-05,Posted in the last 21 days. Checked every scheduled run.
texasclubbaseball,Longhorn Baseball Club,Tier 2,active,2026-09-27,2026-09-29,Posted in the last 21 days. Checked every scheduled run.
texasclubtennis,Club Tennis,Tier 2,unknown,,2026-09-29,Not enough history yet. Checked every scheduled run until we know more.
texascohap,Children's Oral Health Advocacy Project,Tier 1,active,2026-09-28,2026-10-05,Posted in the last 21 days. Checked every scheduled run.
texasconsulting_,Texas Consulting,Tier 1,active,2026-09-29,2026-10-05,Posted in the last 21 days. Checked every scheduled run.
texascounterstrike,Texas Counter-Strike,Tier 1,unknown,,2026-10-05,Not enough history yet. Checked every scheduled run until we know more.
texascr,College Republicans at Texas,Tier 1,active,2026-10-03,2026-10-05,Posted in the last 21 days. Checked every scheduled run.
texascriminallaw,Criminal Law Association,Tier 1,unknown,,2026-10-05,Not enough history yet. Checked every scheduled run until we know more.
texasdarlins,Texas Darlins,Tier 2,unknown,,2026-09-29,Not enough history yet. Checked every scheduled run until we know more.
texasdeltagamma,Delta Gamma,Tier 2,active,2026-09-29,2026-09-29,Posted in the last 21 days. Checked every scheduled run.
texasdeltas,Delta Sigma Theta Sorority Inc. - Epsilon Beta Chapter,Tier 2,unknown,,2026-09-29,Not enough history yet. Checked every scheduled run until we know more.
texasdhoom,Texas Dhoom,Tier 2,unknown,,2026-09-29,Not enough history yet. Checked every scheduled run until we know more.
texasdiabolo,Texas Diabolo Association,Tier 2,unknown,,2026-09-29,Not enough history yet. Checked every scheduled run until we know more.
texasdih,Design in Health,Tier 2,unknown,,2026-09-29,Not enough history yet. Checked every scheduled run until we know more.
texasdka,DKA Professional Cinematic Society,Tier 2,unknown,,2026-09-29,Not enough history yet. Checked every scheduled run until we know more.
texasdnd,Texas DnD,Tier 1,active,2026-09-29,2026-10-05,Posted in the last 21 days. Checked every scheduled run.
texasdsa,Dialogue Student Association,Tier 1,active,2026-10-04,2026-10-05,Posted in the last 21 days. Checked every scheduled run.
texasdsp,Delta Sigma Pi,Tier 1,unknown,,2026-10-05,Not enough history yet. Checked every scheduled run until we know more.
texasdu,Delta Upsilon,Tier 2,unknown,,2026-09-29,Not enough history yet. Checked every scheduled run until we know more.
texaseconomicsassociation,Texas Economics Association,Tier 1,active,2026-09-29,2026-10-05,Posted in the last 21 days. Checked every scheduled run.
texaseeb,"Texas Ecology, Evolution, and Behavior Club",Tier 2,active,2026-09-28,2026-09-29,Posted in the last 21 days. Checked every scheduled run.
texasequestrianteam,Texas Equestrian Team,Tier 2,unknown,,2026-09-29,Not enough history yet. Checked every scheduled run until we know more.
texasequitygroup,Texas Equity Group,Tier 1,unknown,,2026-10-05,Not enough history yet. Checked every scheduled run until we know more.
texasfda,Future Doctors of America,Tier 1,unknown,,2026-10-05,Not enough history yet. Checked every scheduled run until we know more.
texasfederalistsociety,Texas Federalist Society,Tier 1,active,2026-10-01,2026-10-05,Posted in the last 21 days. Checked every scheduled run.
texasfencing,UT Fencing Club,Tier 2,unknown,,2026-09-29,Not enough history yet. Checked every scheduled run until we know more.
texasffs,Texas Fashion for Students,Tier 2,active,2026-09-28,2026-09-29,Posted in the last 21 days. Checked every scheduled run.
texasfimrc,Foundation for International Medical Relief of Children,Tier 1,active,2026-09-30,2026-10-05,Posted in the last 21 days. Checked every scheduled run.
texasfinanceteam,Texas Finance Team,Tier 1,unknown,,2026-10-05,Not enough history yet. Checked every scheduled run until we know more.
texasfolklorico,Texas Folklorico Dance Company,Tier 2,active,2026-09-27,2026-09-29,Posted in the last 21 days. Checked every scheduled run.
texasfriendlyfridays,Texas Friendly Fridays,Tier 1,active,2026-10-03,2026-10-05,Posted in the last 21 days. Checked every scheduled run.
texasfuego,Texas Fuego,Tier 2,unknown,,2026-09-29,Not enough history yet. Checked every scheduled run until we know more.
texasfynix,Fynix,Tier 1,active,2026-10-01,2026-10-05,Posted in the last 21 days. Checked every scheduled run.
texasgammabeta,"Gamma Beta Fraternity, Inc.",Tier 2,unknown,,2026-09-29,Not enough history yet. Checked every scheduled run until we know more.
texasgermanclub,Texas German Club,Tier 1,unknown,,2026-10-05,Not enough history yet. Checked every scheduled run until we know more.
texasgf_,Texas Gospel Fellowship,Tier 1,active,2026-10-03,2026-10-05,Posted in the last 21 days. Checked every scheduled run.
texasgmt,Global Macro Team,Tier 2,unknown,,2026-09-29,Not enough history yet. Checked every scheduled run until we know more.
texasgradiv,Grad InterVarsity Christian Fellowship,Tier 2,unknown,,2026-09-29,Not enough history yet. Checked every scheduled run until we know more.
texasguadaloop,Texas Guadaloop,Tier 1,active,2026-10-03,2026-10-05,Posted in the last 21 days. Checked every scheduled run.
texasgymnastics,Texas Gymnastics,Tier 2,unknown,,2026-09-29,Not enough history yet. Checked every scheduled run until we know more.
texashabitat,Habitat for Humanity Campus Chapter,Tier 1,active,2026-09-27,2026-10-05,Posted in the last 21 days. Checked every scheduled run.
texashacs,Hispanic Association of Computer Scientists,Tier 1,active,2026-10-02,2026-10-05,Posted in the last 21 days. Checked every scheduled run.
texashba,Honors Business Association,Tier 1,unknown,,2026-10-05,Not enough history yet. Checked every scheduled run until we know more.
texashbsa,Hispanic Business Student Association,Tier 1,active,2026-10-02,2026-10-05,Posted in the last 21 days. Checked every scheduled run.
texashca,Honors Consulting Association,Tier 1,unknown,,2026-10-05,Not enough history yet. Checked every scheduled run until we know more.
texasheal,Texas Health Education Advocacy and Law,Tier 1,unknown,,2026-10-05,Not enough history yet. Checked every scheduled run until we know more.
texashealthyhabits,Texas Healthy Habits,Tier 1,active,2026-09-30,2026-10-05,Posted in the last 21 days. Checked every scheduled run.
texashelix,Texas Engineering World Health,Tier 1,active,2026-09-27,2026-10-05,Posted in the last 21 days. Checked every scheduled run.
texashelpinghand,Texas Helping Hand,Tier 1,active,2026-10-04,2026-10-05,Posted in the last 21 days. Checked every scheduled run.
texasherscript,Texas herScript,Tier 1,active,2026-09-29,2026-10-01,Posted in the last 21 days. Checked every scheduled run.
texashillel,Texas Hillel,Tier 1,active,2026-10-02,2026-10-05,Posted in the last 21 days. Checked every scheduled run.
texashorizons,Texas Horizons,Tier 2,unknown,,2026-09-29,Not enough history yet. Checked every scheduled run until we know more.
texashornsforlife,Horns for Life,Tier 1,active,2026-10-03,2026-10-05,Posted in the last 21 days. Checked every scheduled run.
texashss,Health Science Honors Council,Tier 1,active,2026-09-28,2026-10-05,Posted in the last 21 days. Checked every scheduled run.
texasibsa,International Business Student Association,Tier 1,unknown,,2026-10-05,Not enough history yet. Checked every scheduled run until we know more.
texasicehockey,Texas Ice Hockey,Tier 2,active,2026-09-26,2026-09-29,Posted in the last 21 days. Checked every scheduled run.
texasifc,Interfraternity Council,Tier 1,unknown,,2026-10-05,Not enough history yet. Checked every scheduled run until we know more.
texasisa,Indian Students Association,Tier 1,active,2026-09-30,2026-10-05,Posted in the last 21 days. Checked every scheduled run.
texasiusc,Informatics Undergraduate Student Council,Tier 1,unknown,,2026-10-05,Not enough history yet. Checked every scheduled run until we know more.
texasja,Japanese Association,Tier 1,active,2026-10-01,2026-10-05,Posted in the last 21 days. Checked every scheduled run.
texasjudo,Texas Judo,Tier 2,unknown,,2026-09-29,Not enough history yet. Checked every scheduled run until we know more.
texasjugglingsociety,Texas Juggling Society,Tier 1,unknown,,2026-10-05,Not enough history yet. Checked every scheduled run until we know more.
texaskappas,"Kappa Phi Lambda Sorority, Inc.",Tier 2,unknown,,,Not enough history yet. Checked every scheduled run until we know more.
texaskappasig,Kappa Sigma Fraternity,Tier 2,unknown,,2026-09-29,Not enough history yet. Checked every scheduled run until we know more.
texaskasa,Korean American Student Association at Austin,Tier 1,active,2026-09-30,2026-10-05,Posted in the last 21 days. Checked every scheduled run.
texaskdchi,"Kappa Delta Chi Sorority, Incorporated",Tier 2,unknown,,2026-09-29,Not enough history yet. Checked every scheduled run until we know more.
texaskinclub,Kinesiology Club,Tier 1,active,2026-10-01,2026-10-05,Posted in the last 21 days. Checked every scheduled run.
texaskkg,Kappa Kappa Gamma,Tier 2,unknown,,2026-09-29,Not enough history yet. Checked every scheduled run until we know more.
texaskky,Kappa Kappa Psi,Tier 1,active,2026-10-02,2026-10-05,Posted in the last 21 days. Checked every scheduled run.
texaskphig.founding,"Kappa Phi Gamma Sorority, Inc.",Tier 2,unknown,,2026-09-29,Not enough history yet. Checked every scheduled run until we know more.
texasktp,Kappa Theta Pi at the University of Texas at Austin,Tier 1,unknown,,2026-10-05,Not enough history yet. Checked every scheduled run until we know more.
texaslambdas,"Lambda Phi Epsilon Fraternity, Inc.",Tier 2,active,2026-09-28,2026-09-29,Posted in the last 21 days. Checked every scheduled run.
texaslatindance,Texas Latin Dance,Tier 2,unknown,,2026-09-29,Not enough history yet. Checked every scheduled run until we know more.
texaslaw_boa,Board of Advocates - Law School,Tier 2,unknown,,2026-09-29,Not enough history yet. Checked every scheduled run until we know more.
texaslawaggies,The Aggie Society at Texas Law,Tier 2,unknown,,2026-09-29,Not enough history yet. Checked every scheduled run until we know more.
texaslawfellows,Texas Law Fellowships,Tier 2,unknown,,2026-09-29,Not enough history yet. Checked every scheduled run until we know more.
texaslcc,Longhorn Car Club,Tier 1,active,2026-10-03,2026-10-05,Posted in the last 21 days. Checked every scheduled run.
texaslhpo,Latinx Health Professions Organization,Tier 1,active,2026-10-03,2026-10-05,Posted in the last 21 days. Checked every scheduled run.
texaslittlehealthheroes,Little Health Heroes,Tier 1,unknown,,2026-10-05,Not enough history yet. Checked every scheduled run until we know more.
texaslmsa,Longhorn Malayali Student Association,Tier 1,unknown,,2026-10-05,Not enough history yet. Checked every scheduled run until we know more.
texaslonestars,Texas Lonestars,Tier 2,active,2026-09-28,2026-09-29,Posted in the last 21 days. Checked every scheduled run.
texasloveclub,The L.O.V.E. Club,Tier 1,active,2026-10-04,2026-10-05,Posted in the last 21 days. Checked every scheduled run.
texaslphc,The Latino Pan-Hellenic Council,Tier 1,active,2026-10-02,2026-10-05,Posted in the last 21 days. Checked every scheduled run.
texaslppa,Longhorn Pre-Pharmacy Association,Tier 1,active,2026-10-01,2026-10-05,Posted in the last 21 days. Checked every scheduled run.
texasluminescence,Texas Luminescence,Tier 1,active,2026-10-03,2026-10-05,Posted in the last 21 days. Checked every scheduled run.
texaslxa,Lambda Chi Alpha Fraternity,Tier 2,unknown,,2026-09-29,Not enough history yet. Checked every scheduled run until we know more.
texasmaes,Texas Latinos in Engineering and Sciences,Tier 1,unknown,,2026-10-05,Not enough history yet. Checked every scheduled run until we know more.
texasmahjongclub,Texas Mahjong Club,Tier 1,active,2026-09-28,2026-10-05,Posted in the last 21 days. Checked every scheduled run.
texasmarinerobotics,Texas Marine Robotics,Tier 1,unknown,,2026-10-05,Not enough history yet. Checked every scheduled run until we know more.
texasmarketrics,Texas Marketrics - Quantitative Finance,Tier 1,unknown,,2026-10-05,Not enough history yet. Checked every scheduled run until we know more.
texasmedlife,MEDLIFE at The University of Texas at Austin,Tier 1,active,2026-09-27,2026-10-05,Posted in the last 21 days. Checked every scheduled run.
texasmensultimate,UT Men's Ultimate Club,Tier 2,unknown,,2026-09-29,Not enough history yet. Checked every scheduled run until we know more.
texasmeowmates,Meow Mates,Tier 1,active,2026-09-30,2026-10-05,Posted in the last 21 days. Checked every scheduled run.
texasmisa,Management Information Systems Association,Tier 1,active,2026-09-30,2026-10-05,Posted in the last 21 days. Checked every scheduled run.
texasmocktrial,Undergraduate Mock Trial Association,Tier 1,unknown,,2026-10-05,Not enough history yet. Checked every scheduled run until we know more.
texasmohini,Texas Mohini Dance Team,Tier 2,unknown,,2026-09-29,Not enough history yet. Checked every scheduled run until we know more.
texasmsa,Muslim Students' Association,Tier 1,active,2026-10-04,2026-10-05,Posted in the last 21 days. Checked every scheduled run.
texasmsoccer,UT Men's Soccer Team,Tier 2,active,2026-09-27,2026-09-29,Posted in the last 21 days. Checked every scheduled run.
texasmun,Central Texas Model United Nations,Tier 1,unknown,,2026-10-05,Not enough history yet. Checked every scheduled run until we know more.
texasmusicunited,Music United,Tier 2,unknown,,2026-09-29,Not enough history yet. Checked every scheduled run until we know more.
texasmwp,Texas Men's Water Polo,Tier 2,unknown,,2026-09-29,Not enough history yet. Checked every scheduled run until we know more.
texasnaba,The National Association of Black Accountants at The University of Texas at Austin,Tier 1,active,2026-09-30,2026-10-05,Posted in the last 21 days. Checked every scheduled run.
texasnovas,Texas Novas,Tier 2,active,2026-09-28,2026-09-29,Posted in the last 21 days. Checked every scheduled run.
texasnrfsa,National Retail Federation Student Association at UT Austin,Tier 1,active,2026-09-30,2026-10-05,Posted in the last 21 days. Checked every scheduled run.
texasnsa,Nepali Student Association- Longhorn Chapter,Tier 1,active,2026-10-01,2026-10-05,Posted in the last 21 days. Checked every scheduled run.
texasnsbe,National Society of Black Engineers,Tier 1,active,2026-10-04,2026-10-05,Posted in the last 21 days. Checked every scheduled run.
texasnsslha,"National Student Speech, Language and Hearing Association",Tier 1,active,2026-09-27,2026-10-05,Posted in the last 21 days. Checked every scheduled run.
texasocf,Orthodox Christian Fellowship of the University of Texas at Austin,Tier 1,active,2026-10-04,2026-10-05,Posted in the last 21 days. Checked every scheduled run.
texasodphi,"Omega Delta Phi Fraternity, Inc.",Tier 2,unknown,,2026-09-29,Not enough history yet. Checked every scheduled run until we know more.
texasomegas,Omega Phi Gamma Fraternity,Tier 2,unknown,,2026-09-29,Not enough history yet. Checked every scheduled run until we know more.
texasound,Texas Society Of Unconventional Drummers,Tier 2,active,2026-09-28,2026-09-29,Posted in the last 21 days. Checked every scheduled run.
texasoxe,Omega Chi Epsilon - Chemical Engineering,Tier 1,active,2026-09-29,2026-10-05,Posted in the last 21 days. Checked every scheduled run.
texaspad,Texas Phi Alpha Delta,Tier 1,active,2026-09-30,2026-10-05,Posted in the last 21 days. Checked every scheduled run.
texaspct,Phi Chi Theta,Tier 1,unknown,,2026-10-05,Not enough history yet. Checked every scheduled run until we know more.
texasperfectpair,Texas Perfect Pair,Tier 1,active,2026-09-30,2026-10-05,Posted in the last 21 days. Checked every scheduled run.
texasphi,Alpha Epsilon Phi,Tier 2,unknown,,2026-09-29,Not enough history yet. Checked every scheduled run until we know more.
texasphikap,Phi Kappa Sigma,Tier 2,unknown,,2026-09-29,Not enough history yet. Checked every scheduled run until we know more.
texasphilamb,Sigma Phi Lambda,Tier 2,active,2026-09-28,2026-09-29,Posted in the last 21 days. Checked every scheduled run.
texaspibetaphi,Pi Beta Phi,Tier 2,unknown,,2026-09-29,Not enough history yet. Checked every scheduled run until we know more.
texaspikapps,Pi Kappa Phi,Tier 2,active,2026-09-28,2026-09-29,Posted in the last 21 days. Checked every scheduled run.
texaspoliticalconsulting,Texas Political Consulting,Tier 1,unknown,,2026-10-05,Not enough history yet. Checked every scheduled run until we know more.
texasprecaa,Texas Pre-CAA Association,Tier 1,active,2026-09-28,2026-10-05,Posted in the last 21 days. Checked every scheduled run.
texaspredental,Texas Pre-Dental Society,Tier 1,active,2026-09-30,2026-10-05,Posted in the last 21 days. Checked every scheduled run.
texaspreot,Texas Pre-Occupational Therapy Community,Tier 1,active,2026-09-30,2026-10-05,Posted in the last 21 days. Checked every scheduled run.
texasprepa,Pre-Physician Assistant Society,Tier 1,active,2026-10-01,2026-10-05,Posted in the last 21 days. Checked every scheduled run.
texaspreptsociety,Texas Pre-Physical Therapy Society,Tier 1,active,2026-10-03,2026-10-05,Posted in the last 21 days. Checked every scheduled run.
texasproducers,Texas Music Producers,Tier 2,unknown,,2026-09-29,Not enough history yet. Checked every scheduled run until we know more.
texaspublichealth,Texas Public Health,Tier 1,active,2026-09-29,2026-10-05,Posted in the last 21 days. Checked every scheduled run.
texaspva,Pre-Veterinary Association,Tier 1,active,2026-09-29,2026-10-05,Posted in the last 21 days. Checked every scheduled run.
texasqbsa,Queer Business Student Association,Tier 1,active,2026-09-28,2026-10-05,Posted in the last 21 days. Checked every scheduled run.
texasqpp,Q++ (Queer Students in Computer Science),Tier 1,unknown,,2026-10-05,Not enough history yet. Checked every scheduled run until we know more.
texasquadball,Texas Quadball,Tier 2,unknown,,2026-09-29,Not enough history yet. Checked every scheduled run until we know more.
texasrecsports,Recreational Sports,Tier 1,active,2026-10-01,2026-10-05,Posted in the last 21 days. Checked every scheduled run.
texasrisementorship,Readying Impactful Student Entrepreneurs,Tier 1,unknown,,2026-10-05,Not enough history yet. Checked every scheduled run until we know more.
texasrockclimbing,Texas Rock Climbing,Tier 2,unknown,,2026-09-29,Not enough history yet. Checked every scheduled run until we know more.
texasruf,Reformed University Fellowship,Tier 1,active,2026-09-30,2026-10-05,Posted in the last 21 days. Checked every scheduled run.
texasrunningclub,Texas Running Club,Tier 2,unknown,,2026-09-29,Not enough history yet. Checked every scheduled run until we know more.
texassao,Texas Sigma Alpha Omega,Tier 2,active,2026-09-28,2026-09-29,Posted in the last 21 days. Checked every scheduled run.
texasseek,Student Engineers Educating Kids,Tier 1,active,2026-09-29,2026-10-05,Posted in the last 21 days. Checked every scheduled run.
texassenoritas,"Sigma Lambda Alpha Sorority, Inc.",Tier 2,unknown,,2026-09-29,Not enough history yet. Checked every scheduled run until we know more.
texassigdelt,Lapis Ladies,Tier 2,active,2026-09-28,2026-09-29,Posted in the last 21 days. Checked every scheduled run.
texassigmas,"Sigma Phi Omega Sorority, Inc.",Tier 2,active,2026-09-28,2026-09-29,Posted in the last 21 days. Checked every scheduled run.
texassocialanimeclub,Social Anime Club,Tier 1,active,2026-10-03,2026-10-05,Posted in the last 21 days. Checked every scheduled run.
texassocratic_,Texas Socratic,Tier 2,unknown,,2026-09-29,Not enough history yet. Checked every scheduled run until we know more.
texasspacesociety,Texas Space Society,Tier 1,active,2026-09-29,2026-10-05,Posted in the last 21 days. Checked every scheduled run.
texasspirits,Texas Spirits,Tier 2,active,2026-09-27,2026-09-29,Posted in the last 21 days. Checked every scheduled run.
texasstockteam,Texas Stock Team,Tier 1,unknown,,2026-10-05,Not enough history yet. Checked every scheduled run until we know more.
texasstudenttv,Texas Student Television,Tier 2,unknown,,2026-09-29,Not enough history yet. Checked every scheduled run until we know more.
texassunshines,Texas Sunshines,Tier 2,unknown,,2026-09-29,Not enough history yet. Checked every scheduled run until we know more.
texassva,Student Veterans Association,Tier 1,unknown,,2026-10-05,Not enough history yet. Checked every scheduled run until we know more.
texastabletalk,TableTalk,Tier 2,unknown,,2026-09-29,Not enough history yet. Checked every scheduled run until we know more.
texastalaash,Texas Talaash,Tier 2,unknown,,2026-09-29,Not enough history yet. Checked every scheduled run until we know more.
texastasa,Taiwanese American Students Association,Tier 1,unknown,,2026-10-05,Not enough history yet. Checked every scheduled run until we know more.
texastats,American Statistical Association at the University of Texas at Austin,Tier 2,active,2026-09-27,2026-09-29,Posted in the last 21 days. Checked every scheduled run.
texastausigma,Tau Sigma at The University of Texas at Austin,Tier 1,unknown,,2026-10-05,Not enough history yet. Checked every scheduled run until we know more.
texastbs,Tau Beta Sigma - Beta Gamma Chapter,Tier 2,unknown,,,Not enough history yet. Checked every scheduled run until we know more.
texastheta,Kappa Alpha Theta,Tier 2,active,2026-09-27,2026-09-29,Posted in the last 21 days. Checked every scheduled run.
texasthetachi,Theta Chi Fraternity,Tier 2,unknown,,2026-09-29,Not enough history yet. Checked every scheduled run until we know more.
texasthetatau,Theta Tau - Professional Engineering Fraternity,Tier 1,unknown,,2026-10-05,Not enough history yet. Checked every scheduled run until we know more.
texastisa,Taiwanese International Student Association,Tier 1,active,2026-10-03,2026-10-05,Posted in the last 21 days. Checked every scheduled run.
texastradinggroup,Texas Trading Group,Tier 1,unknown,,2026-10-05,Not enough history yet. Checked every scheduled run until we know more.
texastrapandskeet,Texas Trap and Skeet,Tier 2,active,2026-09-26,2026-09-29,Posted in the last 21 days. Checked every scheduled run.
texastravesty,Texas Travesty,Tier 2,active,2026-09-28,2026-09-29,Posted in the last 21 days. Checked every scheduled run.
texastridelta,Delta Delta Delta,Tier 2,active,2026-09-26,2026-09-29,Posted in the last 21 days. Checked every scheduled run.
texasubc,Undergraduate Business Council,Tier 1,active,2026-10-02,2026-10-05,Posted in the last 21 days. Checked every scheduled run.
texasucf,Undergraduate Computational Finance Team,Tier 1,unknown,,2026-10-05,Not enough history yet. Checked every scheduled run until we know more.
texasucg,Texas Undergraduate Consulting Group,Tier 1,unknown,,2026-10-05,Not enough history yet. Checked every scheduled run until we know more.
texasufa,University Finance Association,Tier 1,active,2026-09-28,2026-10-05,Posted in the last 21 days. Checked every scheduled run.
texasuka,Undergraduate Korean Association,Tier 1,active,2026-10-02,2026-10-05,Posted in the last 21 days. Checked every scheduled run.
texasunicef,Texas UNICEF,Tier 1,active,2026-10-03,2026-10-05,Posted in the last 21 days. Checked every scheduled run.
texasunyp,Generation United Nations at the University of Texas at Austin,Tier 1,active,2026-09-28,2026-10-05,Posted in the last 21 days. Checked every scheduled run.
texasusit,University Securities Investment Team,Tier 1,unknown,,2026-10-05,Not enough history yet. Checked every scheduled run until we know more.
texasutg,University Theatre Guild,Tier 2,unknown,,2026-09-29,Not enough history yet. Checked every scheduled run until we know more.
texasvoe,Texas Voices of Equity,Tier 1,unknown,,2026-10-05,Not enough history yet. Checked every scheduled run until we know more.
texasvsa,Vietnamese Students Association,Tier 1,active,2026-10-04,2026-10-05,Posted in the last 21 days. Checked every scheduled run.
texasw1se,Women in Sports & Entertainment,Tier 1,unknown,,2026-10-05,Not enough history yet. Checked every scheduled run until we know more.
texaswaterpolo,UT Women's Water Polo,Tier 2,unknown,,2026-09-29,Not enough history yet. Checked every scheduled run until we know more.
texaswba,Women in Business Association,Tier 1,active,2026-09-30,2026-10-05,Posted in the last 21 days. Checked every scheduled run.
texaswcs,UT Women's Club Soccer,Tier 2,unknown,,,Not enough history yet. Checked every scheduled run until we know more.
texaswesley,Texas Wesley UMCM,Tier 1,active,2026-10-01,2026-10-05,Posted in the last 21 days. Checked every scheduled run.
texaswme,Women in Mechanical Engineering,Tier 1,active,2026-09-30,2026-10-05,Posted in the last 21 days. Checked every scheduled run.
texaswoe,Women of Excellence,Tier 1,unknown,,2026-10-05,Not enough history yet. Checked every scheduled run until we know more.
texaswomenineconomics,Texas Women in Economics,Tier 1,active,2026-09-28,2026-10-05,Posted in the last 21 days. Checked every scheduled run.
texaswomenslax,Texas Women's Club Lacrosse,Tier 2,unknown,,2026-09-29,Not enough history yet. Checked every scheduled run until we know more.
texaswoofsforwilliam,Texas Woofs for William,Tier 1,active,2026-09-30,2026-10-05,Posted in the last 21 days. Checked every scheduled run.
texaswranglers,Texas Wranglers,Tier 2,unknown,,2026-09-29,Not enough history yet. Checked every scheduled run until we know more.
texaswushu,Texas Wushu,Tier 2,active,2026-09-28,2026-09-29,Posted in the last 21 days. Checked every scheduled run.
texaswvc,UT Women's Volleyball Club,Tier 2,active,2026-09-26,2026-09-29,Posted in the last 21 days. Checked every scheduled run.
texasyja,Youth Justice Alliance,Tier 1,active,2026-10-04,2026-10-05,Posted in the last 21 days. Checked every scheduled run.
texaszobha,Zobha,Tier 2,unknown,,,Not enough history yet. Checked every scheduled run until we know more.
texaszta,Zeta Tau Alpha,Tier 2,active,2026-09-28,2026-09-29,Posted in the last 21 days. Checked every scheduled run.
texrisingut,Texas Rising at the University of Texas at Austin,Tier 1,active,2026-10-02,2026-10-05,Posted in the last 21 days. Checked every scheduled run.
the.anime.club.ut,Anime Club,Tier 1,unknown,,2026-10-05,Not enough history yet. Checked every scheduled run until we know more.
the.apricity,Apricity Magazine,Tier 2,unknown,,2026-09-29,Not enough history yet. Checked every scheduled run until we know more.
the.folklore.society,The Folklore Society,Tier 2,unknown,,2026-09-29,Not enough history yet. Checked every scheduled run until we know more.
the_reason_for_christ,Ratio Christi at the University of Texas at Austin,Tier 1,active,2026-09-30,2026-10-05,Posted in the last 21 days. Checked every scheduled run.
thecorralut,The Corral,Tier 2,unknown,,2026-09-29,Not enough history yet. Checked every scheduled run until we know more.
thedailytexan,The Daily Texan,Tier 2,active,2026-09-28,2026-09-29,Posted in the last 21 days. Checked every scheduled run.
thefriarsociety,Friar Society,Tier 2,unknown,,2026-09-29,Not enough history yet. Checked every scheduled run until we know more.
theoralcareproject,The Oral Care Project,Tier 1,active,2026-09-30,2026-10-05,Posted in the last 21 days. Checked every scheduled run.
thetejasclub,The Tejas Club,Tier 2,active,2026-09-27,2026-09-29,Posted in the last 21 days. Checked every scheduled run.
thetexasironspikes,Texas Iron Spikes,Tier 2,unknown,,2026-09-29,Not enough history yet. Checked every scheduled run until we know more.
thetexasorator,The Texas Orator,Tier 2,active,2026-09-28,2026-09-29,Posted in the last 21 days. Checked every scheduled run.
tketexas,Tau Kappa Epsilon Fraternity,Tier 2,unknown,,2026-09-29,Not enough history yet. Checked every scheduled run until we know more.
tmls_utlaw,Thurgood Marshall Legal Society,Tier 2,active,2026-09-28,2026-09-29,Posted in the last 21 days. Checked every scheduled run.
tpusaut,Turning Point USA at The University of Texas at Austin,Tier 1,active,2026-10-04,2026-10-05,Posted in the last 21 days. Checked every scheduled run.
triangleutaustin,Triangle Fraternity,Tier 2,unknown,,2026-09-29,Not enough history yet. Checked every scheduled run until we know more.
tribetaatut,Beta Beta Beta Biological Honor Society,Tier 1,unknown,,2026-10-05,Not enough history yet. Checked every scheduled run until we know more.
tsa_ut.austin,Taiwanese Student Association,Tier 1,unknown,,2026-10-05,Not enough history yet. Checked every scheduled run until we know more.
tspa.atx,Texas Student Psychological Association,Tier 2,unknown,,2026-09-29,Not enough history yet. Checked every scheduled run until we know more.
tspe.austin,Texas Society of Professional Engineers at the University of Texas at Austin,Tier 1,active,2026-09-28,2026-10-05,Posted in the last 21 days. Checked every scheduled run.
tx.ent,Epsilon Nu Tau- Phi Collegiate Chapter,Tier 1,unknown,,2026-10-05,Not enough history yet. Checked every scheduled run until we know more.
tx.isss,Information and Systems Security Society (ISSS),Tier 1,active,2026-10-02,2026-10-05,Posted in the last 21 days. Checked every scheduled run.
tx_bha,Texas Business Healthcare Association,Tier 1,active,2026-09-28,2026-10-05,Posted in the last 21 days. Checked every scheduled run.
tx_bsma,Black Student Media Association,Tier 2,unknown,,2026-09-29,Not enough history yet. Checked every scheduled run until we know more.
tx_diamonds,Texas Baseball Diamonds,Tier 2,unknown,,2026-09-29,Not enough history yet. Checked every scheduled run until we know more.
tx_nlgja,TX NLGJA,Tier 2,unknown,,2026-09-29,Not enough history yet. Checked every scheduled run until we know more.
tx_nphc,National Pan-Hellenic Council,Tier 1,active,2026-09-28,2026-10-05,Posted in the last 21 days. Checked every scheduled run.
txaldpes,Alpha Lambda Delta Phi Eta Sigma - Freshmen,Tier 1,unknown,,2026-10-05,Not enough history yet. Checked every scheduled run until we know more.
txalphaphisigma,Alpha Phi Sigma - Pre Health Honors Society,Tier 1,unknown,,2026-10-05,Not enough history yet. Checked every scheduled run until we know more.
txangels,Texas Angels,Tier 2,active,2026-09-28,2026-09-29,Posted in the last 21 days. Checked every scheduled run.
txbaxa,Business Analytics Association,Tier 1,unknown,,2026-10-05,Not enough history yet. Checked every scheduled run until we know more.
txbigdippers,Texas Big Dippers,Tier 2,active,2026-09-28,2026-09-29,Posted in the last 21 days. Checked every scheduled run.
txblockchain,Texas Blockchain,Tier 1,active,2026-09-30,2026-10-05,Posted in the last 21 days. Checked every scheduled run.
txbluebonnets,Texas Bluebonnets,Tier 2,active,2026-09-26,2026-09-29,Posted in the last 21 days. Checked every scheduled run.
txbosso,Texas Business of Sports Student Organization (BOSSO),Tier 1,active,2026-09-30,2026-10-05,Posted in the last 21 days. Checked every scheduled run.
txchinacare,China Care,Tier 1,unknown,,2026-10-05,Not enough history yet. Checked every scheduled run until we know more.
txchiomega,Chi Omega Sorority,Tier 2,active,2026-09-27,2026-09-29,Posted in the last 21 days. Checked every scheduled run.
txcomputational,Association of Computational Engineers,Tier 1,active,2026-09-29,2026-10-05,Posted in the last 21 days. Checked every scheduled run.
txconvergent,Texas Convergent,Tier 1,active,2026-09-30,2026-10-05,Posted in the last 21 days. Checked every scheduled run.
txdeltasig,Delta Sigma Phi Fraternity,Tier 2,active,2026-09-26,2026-09-29,Posted in the last 21 days. Checked every scheduled run.
txdemsigma,Delta Epsilon Mu-Sigma Chapter,Tier 1,active,2026-10-02,2026-10-05,Posted in the last 21 days. Checked every scheduled run.
txenergycapital,Texas Energy Capital,Tier 1,active,2026-09-29,2026-10-05,Posted in the last 21 days. Checked every scheduled run.
txfreshmanlaunch,Freshman Launch,Tier 1,active,2026-10-01,2026-10-05,Posted in the last 21 days. Checked every scheduled run.
txhosa,HOSA- Future Health Professionals,Tier 1,active,2026-09-29,2026-10-05,Posted in the last 21 days. Checked every scheduled run.
txhprsa,Hispanic Public Relations Student Association,Tier 1,active,2026-09-29,2026-10-05,Posted in the last 21 days. Checked every scheduled run.
tximsa,Ismaili Muslim Students Association,Tier 1,active,2026-10-01,2026-10-05,Posted in the last 21 days. Checked every scheduled run.
txinfinites,Texas Infinites,Tier 2,unknown,,2026-09-29,Not enough history yet. Checked every scheduled run until we know more.
txkappadelta,Kappa Delta,Tier 2,unknown,,2026-09-29,Not enough history yet. Checked every scheduled run until we know more.
txkapparho,Kappa Rho Pre-Medical Honors Sorority,Tier 1,active,2026-09-27,2026-10-05,Posted in the last 21 days. Checked every scheduled run.
txlaalsa,Latin American Aspiring Law Student Association,Tier 1,active,2026-10-02,2026-10-05,Posted in the last 21 days. Checked every scheduled run.
txlassos,Texas Lassos,Tier 2,unknown,,2026-09-29,Not enough history yet. Checked every scheduled run until we know more.
txlsislo,Lang Stuttering Institute Student Leadership Organization,Tier 1,active,2026-09-30,2026-10-05,Posted in the last 21 days. Checked every scheduled run.
txmarinescience,Marine Science Club,Tier 2,active,2026-09-27,2026-09-29,Posted in the last 21 days. Checked every scheduled run.
txmedstart,TX MedstART,Tier 2,unknown,,2026-09-29,Not enough history yet. Checked every scheduled run until we know more.
txmelee,UT Women's Ultimate Frisbee,Tier 2,unknown,,2026-09-29,Not enough history yet. Checked every scheduled run until we know more.
txmomentum,Texas Momentum,Tier 1,active,2026-10-01,2026-10-05,Posted in the last 21 days. Checked every scheduled run.
txorangejackets,Texas Orange Jackets,Tier 2,active,2026-09-28,2026-09-29,Posted in the last 21 days. Checked every scheduled run.
txpals,Peer Assistance and Leadership Students,Tier 1,active,2026-10-04,2026-10-05,Posted in the last 21 days. Checked every scheduled run.
txpersians,Iranian Students Academic and Cultural Organization,Tier 1,active,2026-09-30,2026-10-05,Posted in the last 21 days. Checked every scheduled run.
txprelaw,Texas Pre-Law Honor Society,Tier 1,active,2026-09-28,2026-10-05,Posted in the last 21 days. Checked every scheduled run.
txproduct,Texas Product Engineering Organization,Tier 1,unknown,,2026-10-05,Not enough history yet. Checked every scheduled run until we know more.
txproductcatalyst,Texas Product Catalyst,Tier 1,active,2026-09-29,2026-10-05,Posted in the last 21 days. Checked every scheduled run.
txracquetball,UT Racquetball Club,Tier 2,unknown,,,Not enough history yet. Checked every scheduled run until we know more.
txransomnotes,The Ransom Notes,Tier 2,unknown,,2026-09-29,Not enough history yet. Checked every scheduled run until we know more.
txrotaract,Texas Rotaract,Tier 1,active,2026-09-26,2026-10-05,Posted in the last 21 days. Checked every scheduled run.
txroundtable,Texas Roundtable,Tier 1,unknown,,2026-10-05,Not enough history yet. Checked every scheduled run until we know more.
txs_tea,Texas Entertainment Association,Tier 1,unknown,,2026-10-05,Not enough history yet. Checked every scheduled run until we know more.
txsl.m,Texas Supports Live Music,Tier 1,unknown,,2026-10-05,Not enough history yet. Checked every scheduled run until we know more.
txstrikinglab,Texas Striking Laboratory,Tier 2,unknown,,2026-09-29,Not enough history yet. Checked every scheduled run until we know more.
txsweethearts,Texas Sweethearts,Tier 2,unknown,,2026-09-29,Not enough history yet. Checked every scheduled run until we know more.
txtped,Texas Theme Park Engineering and Design,Tier 1,active,2026-09-30,2026-10-05,Posted in the last 21 days. Checked every scheduled run.
txtriathloncycling,Texas Triathlon & Cycling,Tier 2,unknown,,2026-09-29,Not enough history yet. Checked every scheduled run until we know more.
txtriplehelix,The Triple Helix at UT Austin,Tier 2,unknown,,2026-09-29,Not enough history yet. Checked every scheduled run until we know more.
txvibecoding,Vibe Coding Club,Tier 1,unknown,,2026-10-05,Not enough history yet. Checked every scheduled run until we know more.
txvisualartscollective,Texas Visual Arts Collective,Tier 2,unknown,,2026-09-29,Not enough history yet. Checked every scheduled run until we know more.
txvotes_cea,TX Votes,Tier 1,active,2026-10-04,2026-10-05,Posted in the last 21 days. Checked every scheduled run.
txwids,Women in Data and Statistics,Tier 1,active,2026-09-28,2026-10-05,Posted in the last 21 days. Checked every scheduled run.
txwomensrugby,Texas Women's Rugby,Tier 2,active,2026-09-27,2026-09-29,Posted in the last 21 days. Checked every scheduled run.
txwritingsociety,Texas Writing Society,Tier 2,unknown,,2026-09-29,Not enough history yet. Checked every scheduled run until we know more.
typetexas.ut,Type Texas: The CDN Chapter at UT Austin,Tier 1,unknown,,2026-10-05,Not enough history yet. Checked every scheduled run until we know more.
umraustin,United Mission for Relief & Development Texas Chapter,Tier 1,active,2026-09-30,2026-10-05,Posted in the last 21 days. Checked every scheduled run.
unidoslbj,Students Unidos at the LBJ School,Tier 2,unknown,,2026-09-29,Not enough history yet. Checked every scheduled run until we know more.
universitydemocrats,University Democrats,Tier 1,active,2026-10-02,2026-10-05,Posted in the last 21 days. Checked every scheduled run.
universityfashiongroup,University Fashion Group,Tier 2,active,2026-09-28,2026-09-29,Posted in the last 21 days. Checked every scheduled run.
universityhousinganddining,University Housing and Dining,Tier 1,active,2026-10-02,2026-10-05,Posted in the last 21 days. Checked every scheduled run.
universityyogaclub,University Yoga Club,Tier 2,unknown,,,Not enough history yet. Checked every scheduled run until we know more.
unjadedatx,(un)Jaded,Tier 1,active,2026-09-28,2026-10-05,Posted in the last 21 days. Checked every scheduled run.
ut.alcsi,American Lung Cancer Screening Initiative,Tier 1,unknown,,2026-10-05,Not enough history yet. Checked every scheduled run until we know more.
ut.asme,American Society of Mechanical Engineers,Tier 1,active,2026-10-04,2026-10-05,Posted in the last 21 days. Checked every scheduled run.
ut.chllsa,Chicano/Hispanic/Latino Law Students' Association,Tier 2,unknown,,2026-09-29,Not enough history yet. Checked every scheduled run until we know more.
ut.hsc,Health and Society Collective,Tier 1,unknown,,2026-10-05,Not enough history yet. Checked every scheduled run until we know more.
ut.sbi,Sustainable Building Initiative,Tier 1,unknown,,2026-10-05,Not enough history yet. Checked every scheduled run until we know more.
ut.true,Teaching Refugees to Understand English at UT Austin,Tier 1,active,2026-09-26,2026-10-05,Posted in the last 21 days. Checked every scheduled run.
ut_.tes,Texas Education Society,Tier 1,active,2026-09-29,2026-10-05,Posted in the last 21 days. Checked every scheduled run.
ut_actuarial,Actuarial Science Club,Tier 1,active,2026-10-04,2026-10-05,Posted in the last 21 days. Checked every scheduled run.
ut_arc,Amateur Radio Club at the University of Texas at Austin,Tier 1,unknown,,2026-10-05,Not enough history yet. Checked every scheduled run until we know more.
ut_collective,Community Engagement Collective,Tier 1,unknown,,2026-10-05,Not enough history yet. Checked every scheduled run until we know more.
ut_duren_and_creekside,Duren & Creekside Residence Hall Councils,Tier 2,unknown,,,Not enough history yet. Checked every scheduled run until we know more.
ut_embrace,Texas embrACE,Tier 1,active,2026-09-29,2026-10-05,Posted in the last 21 days. Checked every scheduled run.
ut_eoe,Equal Opportunity in Engineering Program,Tier 1,active,2026-09-28,2026-10-05,Posted in the last 21 days. Checked every scheduled run.
ut_fye,First-Year & Transfer-Year Experience,Tier 1,active,2026-09-30,2026-10-05,Posted in the last 21 days. Checked every scheduled run.
ut_gmip,Gender Matters in Physics,Tier 2,unknown,,,Not enough history yet. Checked every scheduled run until we know more.
ut_hispanic_predents,Hispanic Pre-Dental Society,Tier 1,active,2026-09-27,2026-10-05,Posted in the last 21 days. Checked every scheduled run.
ut_ica,Indian Cultural Association,Tier 1,active,2026-09-29,2026-10-05,Posted in the last 21 days. Checked every scheduled run.
ut_ieee_ras,IEEE Robotics and Automation Society,Tier 1,active,2026-09-29,2026-10-05,Posted in the last 21 days. Checked every scheduled run.
ut_lawtinanetwork,Lawtina Network,Tier 1,active,2026-10-01,2026-10-05,Posted in the last 21 days. Checked every scheduled run.
ut_lmbc,Longhorn Music Business Club,Tier 1,active,2026-10-01,2026-10-05,Posted in the last 21 days. Checked every scheduled run.
ut_phialphatheta,"Phi Alpha Theta, Beta Alpha Chapter - History",Tier 1,active,2026-10-05,2026-10-05,Posted in the last 21 days. Checked every scheduled run.
ut_sg,Student Government,Tier 1,active,2026-10-02,2026-10-05,Posted in the last 21 days. Checked every scheduled run.
ut_urha,University Residence Hall Association,Tier 1,active,2026-09-29,2026-10-05,Posted in the last 21 days. Checked every scheduled run.
ut_wpge,Women in Petroleum and Geosystems Engineering,Tier 1,active,2026-10-02,2026-10-05,Posted in the last 21 days. Checked every scheduled run.
utalentrecords,UTalent Records,Tier 2,unknown,,2026-09-29,Not enough history yet. Checked every scheduled run until we know more.
utaustinarchery,UT Archery,Tier 2,unknown,,2026-09-29,Not enough history yet. Checked every scheduled run until we know more.
utaustinhhs,School of Human Ecology Ambassadors,Tier 2,unknown,,,Not enough history yet. Checked every scheduled run until we know more.
utaustinkendo,Kendo Association at The University of Texas at Austin,Tier 2,unknown,,2026-09-29,Not enough history yet. Checked every scheduled run until we know more. WARNING: not found on the last check; one more miss and it stops being checked.
utaustinsaa,Student Academy of Audiology chapter at The University of Texas at Austin,Tier 1,active,2026-10-02,2026-10-05,Posted in the last 21 days. Checked every scheduled run.
utaustinsfl,Sorority and Fraternity Life,Tier 1,active,2026-09-28,2026-10-05,Posted in the last 21 days. Checked every scheduled run.
utaustintix,Title IX Office,Tier 1,active,2026-09-30,2026-10-05,Posted in the last 21 days. Checked every scheduled run.
utaustintokc,TOKC at UT,Tier 1,unknown,,2026-10-05,Not enough history yet. Checked every scheduled run until we know more.
utbadmintonclub,UT Badminton Club,Tier 2,unknown,,,Not enough history yet. Checked every scheduled run until we know more.
utcec,Campus Environmental Center,Tier 1,unknown,,2026-10-05,Not enough history yet. Checked every scheduled run until we know more.
utdeanofstudents,Student Governance Organizations,Tier 1,active,2026-09-30,2026-10-05,Posted in the last 21 days. Checked every scheduled run.
utdos,Student Organizations,Tier 1,unknown,,2026-10-05,Not enough history yet. Checked every scheduled run until we know more.
uteachla,UTeach-Liberal Arts,Tier 2,unknown,,2026-09-29,Not enough history yet. Checked every scheduled run until we know more.
utedcouncil,College of Education Council,Tier 1,unknown,,2026-10-05,Not enough history yet. Checked every scheduled run until we know more.
uteverychildproject,Every Child Project,Tier 1,active,2026-10-03,2026-10-05,Posted in the last 21 days. Checked every scheduled run.
utexas_gammas,Sigma Lambda Gamma National Sorority,Tier 2,unknown,,,Not enough history yet. Checked every scheduled run until we know more.
utexas_nutrition,Texas Nutrition at the University of Texas at Austin,Tier 1,unknown,,2026-10-05,Not enough history yet. Checked every scheduled run until we know more.
utexasastronomy,Astronomy Students Association,Tier 2,active,2026-09-27,2026-09-29,Posted in the last 21 days. Checked every scheduled run.
utexascee,Campus Events + Entertainment,Tier 1,active,2026-10-02,2026-10-05,Posted in the last 21 days. Checked every scheduled run.
utexasclubgolf,Club Golf,Tier 2,active,2026-09-28,2026-09-29,Posted in the last 21 days. Checked every scheduled run.
utexasdance,UT Dance Team,Tier 2,active,2026-09-28,2026-09-29,Posted in the last 21 days. Checked every scheduled run.
utexasdbf,"Texas Design, Build, Fly",Tier 1,active,2026-10-04,2026-10-05,Posted in the last 21 days. Checked every scheduled run.
utexasecocar,EcoCAR at UT,Tier 1,unknown,,2026-10-05,Not enough history yet. Checked every scheduled run until we know more.
utexasenergy,Texas Energy Trading,Tier 1,unknown,,2026-10-05,Not enough history yet. Checked every scheduled run until we know more.
utexasglobal,Texas Global,Tier 1,active,2026-10-04,2026-10-05,Posted in the last 21 days. Checked every scheduled run.
utexasias,International Affairs Society,Tier 1,active,2026-10-01,2026-10-05,Posted in the last 21 days. Checked every scheduled run.
utexasrecovery,The Center for Students in Recovery,Tier 1,active,2026-09-29,2026-10-05,Posted in the last 21 days. Checked every scheduled run.
utexasrugby,Texas Rugby,Tier 2,active,2026-09-28,2026-09-29,Posted in the last 21 days. Checked every scheduled run.
utexassoc,Texas Sociological Association,Tier 2,unknown,,2026-09-29,Not enough history yet. Checked every scheduled run until we know more.
utexasswc,Social Work Council,Tier 1,active,2026-10-02,2026-10-05,Posted in the last 21 days. Checked every scheduled run.
utexasswifties,Texas Swifties,Tier 1,unknown,,2026-10-05,Not enough history yet. Checked every scheduled run until we know more.
utexasweightlifting,University of Texas Weightlifting Team,Tier 2,unknown,,2026-09-29,Not enough history yet. Checked every scheduled run until we know more.
utexaszetas,"Zeta Phi Beta Sorority, Incorporated - Omicron Theta Chapter",Tier 2,unknown,,2026-09-29,Not enough history yet. Checked every scheduled run until we know more.
utgirlswhocode,Girls Who Code College Loops at UT Austin,Tier 1,unknown,,2026-10-05,Not enough history yet. Checked every scheduled run until we know more.
utgsa,Graduate Student Assembly,Tier 2,unknown,,2026-09-29,Not enough history yet. Checked every scheduled run until we know more.
uthandball,Texas Handball,Tier 2,unknown,,2026-09-29,Not enough history yet. Checked every scheduled run until we know more.
utimpulse,Impulse Performance Team,Tier 2,active,2026-09-28,2026-09-29,Posted in the last 21 days. Checked every scheduled run.
utirgcouncil,International Relations and Global Studies Council,Tier 1,unknown,,2026-10-05,Not enough history yet. Checked every scheduled run until we know more.
utlacrosse,Texas Men's Lacrosse,Tier 2,unknown,,2026-09-29,Not enough history yet. Checked every scheduled run until we know more.
utlonghornlegal,Longhorn Legal Coalition,Tier 1,active,2026-10-01,2026-10-05,Posted in the last 21 days. Checked every scheduled run.
utmindfulmedicine,Mindful Medicine,Tier 1,active,2026-10-04,2026-10-05,Posted in the last 21 days. Checked every scheduled run.
utmvb,Texas Men's Volleyball,Tier 2,unknown,,2026-09-29,Not enough history yet. Checked every scheduled run until we know more.
utnoteworthyacappella,Noteworthy A Cappella,Tier 2,unknown,,2026-09-29,Not enough history yet. Checked every scheduled run until we know more.
utnsc,Natural Sciences Council,Tier 1,active,2026-09-30,2026-10-05,Posted in the last 21 days. Checked every scheduled run.
utnsp,Normandy Scholars Program,Tier 1,unknown,,2026-10-05,Not enough history yet. Checked every scheduled run until we know more.
utoccupy,Occupy Campus Ministry at the University of Texas at Austin,Tier 1,active,2026-10-02,2026-10-05,Posted in the last 21 days. Checked every scheduled run.
utomegas,Omega Psi Phi Fraternity Incorporated,Tier 2,active,2026-09-28,2026-09-29,Posted in the last 21 days. Checked every scheduled run.
utorientation,Longhorn Orientation,Tier 1,unknown,,2026-10-05,Not enough history yet. Checked every scheduled run until we know more.
utpharmcouncil,Pharmacy Council,Tier 2,active,2026-09-28,2026-09-29,Posted in the last 21 days. Checked every scheduled run.
utpike,Pi Kappa Alpha Fraternity,Tier 2,unknown,,2026-09-29,Not enough history yet. Checked every scheduled run until we know more.
utpolymaths,Polymathic Scholars Student Leadership Panel,Tier 1,active,2026-10-01,2026-10-05,Posted in the last 21 days. Checked every scheduled run.
utsailingteam,UT Sailing Team,Tier 2,unknown,,2026-09-29,Not enough history yet. Checked every scheduled run until we know more.
utsangercenter,Sanger Learning Center,Tier 1,active,2026-10-04,2026-10-05,Posted in the last 21 days. Checked every scheduled run.
utsaspa,San Antonio Student Pharmacists Association,Tier 2,unknown,,2026-09-29,Not enough history yet. Checked every scheduled run until we know more.
utsccp,Student College of Clinical Pharmacy – Austin Chapter,Tier 1,active,2026-10-02,2026-10-05,Posted in the last 21 days. Checked every scheduled run.
utsenate,Senate of College Councils,Tier 1,active,2026-10-01,2026-10-05,Posted in the last 21 days. Checked every scheduled run.
utsgmentalhealth,Mental Health Alliance,Tier 1,unknown,,2026-10-05,Not enough history yet. Checked every scheduled run until we know more.
utshpe,Society of Hispanic Professional Engineers,Tier 1,active,2026-10-01,2026-10-05,Posted in the last 21 days. Checked every scheduled run.
utsmile,Students Making Impacts Through Love & Empathy,Tier 1,unknown,,2026-10-05,Not enough history yet. Checked every scheduled run until we know more.
utsnpha,Student National Pharmaceutical Association,Tier 2,active,2026-09-27,2026-09-29,Posted in the last 21 days. Checked every scheduled run.
utspeakeasy,Speak Easy,Tier 1,unknown,,2026-10-05,Not enough history yet. Checked every scheduled run until we know more.
utunions,University Unions,Tier 1,active,2026-10-02,2026-10-05,Posted in the last 21 days. Checked every scheduled run.
utuniversityorch,University Orchestra Student Association,Tier 2,active,2026-09-27,2026-09-29,Posted in the last 21 days. Checked every scheduled run.
utwaterski,UT Water Ski Team,Tier 2,unknown,,,Not enough history yet. Checked every scheduled run until we know more.
utxfat,Black Student Alliance's Freshman Action Team,Tier 1,active,2026-09-30,2026-10-05,Posted in the last 21 days. Checked every scheduled run.
utxmsa,Texas Minority Sports Association,Tier 1,unknown,,2026-10-05,Not enough history yet. Checked every scheduled run until we know more.
uxpa_student_chapter,UXPA Student Chapter,Tier 1,unknown,,2026-10-05,Not enough history yet. Checked every scheduled run until we know more.
vamostennis_tx,Vamos Tennis,Tier 1,unknown,,2026-10-05,Not enough history yet. Checked every scheduled run until we know more.
vcl.utexas,Vietnamese Culture & Language,Tier 1,unknown,,2026-10-05,Not enough history yet. Checked every scheduled run until we know more.
venezuelansatutaustin,Venezuelans at UT Austin,Tier 1,active,2026-09-26,2026-10-05,Posted in the last 21 days. Checked every scheduled run.
verdatronics,Verdatronics,Tier 1,unknown,,2026-10-05,Not enough history yet. Checked every scheduled run until we know more.
vfs_ut,Vertical Flight Society at UT,Tier 1,unknown,,2026-10-05,Not enough history yet. Checked every scheduled run until we know more.
vppaatut,Veterinary Pharmacy Practice Association,Tier 1,unknown,,2026-10-05,Not enough history yet. Checked every scheduled run until we know more.
waxzine.atx,Wax Magazine,Tier 2,unknown,,2026-09-29,Not enough history yet. Checked every scheduled run until we know more.
wcae.utexas,"Women in Civil, Architectural, and Environmental Engineering",Tier 1,active,2026-09-29,2026-10-05,Posted in the last 21 days. Checked every scheduled run.
welcome_acccf,Austin Chinese Campus Christian Fellowship,Tier 1,active,2026-09-30,2026-10-05,Posted in the last 21 days. Checked every scheduled run.
wiald_ut,Women in Aerospace for Leadership and Development,Tier 1,active,2026-10-01,2026-10-05,Posted in the last 21 days. Checked every scheduled run.
wim_ut,Women in Medicine,Tier 1,active,2026-09-30,2026-10-05,Posted in the last 21 days. Checked every scheduled run.
wip_utaustin,Women in Psychology,Tier 2,active,2026-09-27,2026-09-29,Posted in the last 21 days. Checked every scheduled run.
wlc_ut,Women Leaders in Communication,Tier 1,active,2026-09-28,2026-10-05,Posted in the last 21 days. Checked every scheduled run.
wmso.tx,Wealth Management Student Organization,Tier 1,active,2026-09-29,2026-10-05,Posted in the last 21 days. Checked every scheduled run.
womenctx,Women's Community Center,Tier 1,unknown,,2026-10-05,Not enough history yet. Checked every scheduled run until we know more.
womenslawcaucus,Women's Law Caucus,Tier 2,active,2026-09-28,2026-09-29,Posted in the last 21 days. Checked every scheduled run.
worldstudios_texas,Design for America at the University of Texas at Austin,Tier 2,unknown,,,Not enough history yet. Checked every scheduled run until we know more.
zetapsitexas,Zeta Psi Fraternity,Tier 2,unknown,,2026-09-29,Not enough history yet. Checked every scheduled run until we know more.
